ID,Answer
0,劍
1,諸羅縣志
2,袁晁率起義軍
3,柏林陸軍學院
4,長盤
5,孫銘武
6,1874年
7,西漢的版圖向西擴張
8,英國
9,醜化對方
10,周星馳
11,秀吉
12,無障礙環境
13,anticipation，即預測
14,2007年
15,硫化氫
16,
17,
18,經濟
19,密度
20,愛爾蘭語
21,荷蘭
22,硫磺
23,塞爾維亞反對黨
24,1861年
25,皇帝體系的維持主要是憑藉著外交活動，拜占庭政府中的蠻族事務局，可以說是史上第一個處理外交事務的中央單位，藉由收集帝國內部民族的重要消息來提供正確的外交決策判斷
26,拉丁文
27,路加
28,1964年
29,爾德
30,文化大革命
31,名人傳
32,灣仔
33,稍貪東
34,約翰·布蘭豪
35,第2屆
36,新北市
37,小白宮
38,沒有
39,南人
40,南宋
41,四千名
42,
43,1070年
44,社會保障法規
45,天使路
46,1930年
47,東德喜劇系列
48,1932年
49,大型購物中心[UNK]開幕
50,嘉靖帝
51,武漢水利電力大學
52,1962年
53,亞歷山大一世被刺殺
54,哈拉
55,基督教
56,預覽阿爾法版本
57,100萬
58,新北市
59,愛心聖誕大行動
60,勃艮第公爵
61,中國國民黨
62,中生代侏羅紀
63,阿拉貢國王卡洛斯三世
64,熱帶雨林氣候
65,沒能取得勝利
66,李宗仁
67,東漢
68,噴射發動機
69,弘治十二年
70,
71,1984年
72,美國、英國
73,氦
74,聖方濟·沙勿略
75,交通運輸部
76,
77,朱少文
78,羽柴秀吉
79,俾斯麥
80,金泳三
81,1958年
82,靈魂
83,科龍港
84,蓋爾人
85,四次重差觀測術
86,西漢元封二年
87,隋滅南陳
88,佛教
89,1861年
90,豐臣秀吉
91,三吳地區
92,非爆炸性反應式裝甲
93,大躍進
94,武漢水利電力大學
95,
96,1934年
97,檸檬酸咖啡因療法
98,莫萊-明托改革
99,1949年
100,大象
101,1915年
102,1600年
103,母細胞
104,美國
105,加里恩努斯
106,
107,十個
108,佛學論書
109,北海道帝國大學
110,歐登堡
111,三天
112,1944年
113,安娜·德·薩伏伊皇后
114,巴夏禮
115,哈林河
116,孟加拉
117,指揮家
118,中原
119,荷蘭語
120,威廉·洛厄爾·普特南
121,全國人民代表大會
122,伊斯蘭王國
123,周一良，另一位是?[SEP]，因此這個說法未得到學界一致認同。陳寅恪
124,高句麗安藏王被刺殺後，其兄安原王繼位。在安原王時期，王室間的紛爭加劇。兩政治集團對王位繼承進行爭鬥，最後年僅8歲的陽原王
125,致使對喃字的發展影響有限
126,瑞派克路
127,1939年
128,害怕德軍在東線戰線上沒有足夠兵力應付俄國。故此，他決定於西線調派多一些兵力到東線上應付俄軍，此決定令德軍於西線的進攻上遇到更多困難
129,福建林家
130,它是用來運貨
131,公民權
132,西人黨
133,2013年
134,臺北
135,東南亞南島民族
136,杭縣
137,蘇聯國旗
138,蘇黎世協定
139,1939年，二戰爆發。保羅親王害怕軸心國攻打南斯拉夫，於是在1941年
140,大戰期間，全國的科學家與工程學家聚集在1940年成立的麻省理工放射實驗室，協助英國軍方發展多腔磁控管雷達技術
141,點石齋畫報
142,南越地區
143,1988年
144,上吊方式
145,喬治麥高文
146,水鐘
147,上海電報局總辦經元善領銜通電要求光緒皇帝「力疾臨御，勿存退位之思
148,阿拉里克
149,德蘇戰爭
150,髒層
151,工業國家
152,1949年
153,蘇聯政府拒絕干涉
154,清光緒十七年
155,雕像
156,國共內戰戰況失利
157,65000平方公里
158,乙醚
159,藥葛羅
160,卡爾梅克人
161,1969年初
162,63位
163,天主教阿爾巴諾羅馬城郊教區主教
164,古希臘時代
165,斯瓦希里語
166,填海
167,汪兆銘
168,農業
169,[UNK]是一種處理網頁的手稿語言。其標準版本是[UNK]，由網景通訊公司
170,8月4日
171,1999年
172,《天淨沙》
173,二次大戰
174,北魏正光元年
175,趙佗
176,幾何學被普遍應用於土地測量，如「3、4、5」直角三角形等資料紀錄，代表著古時的埃及已發展出一個實質的幾何體系
177,岑智明
178,逼使法國投降
179,公元前362年
180,創建強力政府
181,28歲
182,2000年10月
183,保加利亞
184,優點：便利使用
185,10度
186,日本社會黨
187,亞非
188,波士頓
189,1992年
190,單手反拍
191,箱館裁判所
192,明朝
193,1863年
194,2000年
195,2012年
196,考古
197,1914年
198,森林
199,阿森納女子足球俱樂部
200,多黨制
201,
202,1920年
203,美元
204,多倫多
205,在列車前面拉動
206,彌爾
207,反貪污特警隊
208,艾瑪·史東
209,在時域上數學形式為連續函式的訊號
210,展現了生命力與流動性
211,亞歷山大一世
212,
213,熱帶，全市地勢均於海拔1000米以上的雲貴高原上，但也因同時受到其南部中南半島的海洋氣流影響，加上地理位置上正處在冬季於中國活躍的兩般高壓區之間的真空帶，故即使西雙版納全年固有清涼
214,新北市
215,聯盟合作
216,海上疆界劃定的爭端。其中中華人民共和國與中華民國認為早在1534年明朝以後，包括釣魚臺在內的島嶼早已經被中國所發現並且劃為中國管理的領土一部分；但之後由於1894年爆發的甲午戰爭
217,克孜勒
218,三分天災
219,好在歷史是人民寫的
220,美觀
221,中部科學園區
222,西部地區
223,1982年
224,1428年
225,部落最高領袖
226,斯洛伐克布拉迪斯拉發附近的多瑙河
227,國立廣東大學
228,美國發明家
229,2006年
230,
231,《人體器官移植條例》
232,1262年
233,鄭芝龍舊部郭懷一為領袖的漢族移民
234,三倍
235,自身的重力繼續向內坍縮
236,颱風
237,2014年
238,1968年
239,第六
240,
241,鋁土礦
242,現代化建築
243,阿美族
244,黑死病
245,2013年
246,哈德斯菲爾德的總教練赫爾伯特·查普曼
247,據傳在與比提尼亞國王的性行為中處於被動地位
248,2001年
249,夏曼
250,溥[UNK]
251,副主席
252,決勝局必定是單數局
253,廣東省政府委員會
254,遊戲
255,1951年
256,漢語拼音方案
257,1984年
258,地面車站
259,下薩克森邦
260,法蘭西第二帝國
261,福建人
262,全勝紀錄
263,使得雷達提供的資訊能夠更快速的被運用，以提高狀態意識的掌握
264,哥白尼日心說
265,
266,袁世凱
267,明朝
268,1848年
269,1954年
270,1998年
271,共同民主黨
272,《南華早報》
273,酸性氣體，濃度低時帶惡臭
274,佛像
275,阿聯
276,交通基建
277,前線步兵師
278,
279,天狼星在東方地平線
280,自律心肌細胞喪失了收縮性，但它們和工作心肌細胞
281,1961年
282,德語地區
283,離島機場
284,1237年
285,東羅馬
286,傅亮
287,
288,美國律師協會
289,1654年
290,明代屬蒙古瓦剌部，清代
291,廣開土大王
292,胡安·林茲
293,日本
294,1998年1月1日
295,天空的角動量
296,孟懷玉
297,鈣
298,383年
299,羅納爾迪尼奧
300,苻融
301,火山活動
302,利奧三世
303,拉丁字母
304,提升飛機的飛行安全，降低因為鋼纜或者是滑輪等裝置失效導致失去控制的問題，對大型飛機相隔距離很遠的控制面也可以提高反應與效率
305,丁基羥基甲苯
306,軍事圍剿，以致爆發為期一月的中緬大戰
307,斯德哥爾摩
308,第三紀中新世
309,中華民國
310,高麗時期
311,靳雲鵬
312,1958年
313,《南極條約》
314,1083種
315,曹魏故都智慧之旅
316,亞德港
317,布爾什維克革命
318,民主黨
319,彌爾歸納
320,紅色、藍色或綠色的視錐細胞，導致不同的色盲
321,1928年
322,期貨合約
323,十多個
324,300美元
325,楊宇霆
326,大力發展體育事業
327,元世祖
328,燃油混合動力電動自行車
329,數學
330,亞熱帶季風氣候
331,女性
332,目前沒有觀察到任何語言純[UNK]以力道來區分不同輔音
333,朱一貴
334,蓋德爾語
335,
336,銃炮
337,1961年
338,1980年代
339,凱·艾維州長
340,東漢
341,1980年
342,希伯來文
343,第四心音
344,2010年
345,武漢
346,1868年
347,托土拉島
348,英國
349,
350,1888年
351,岡底斯山脈
352,1972年
353,突厥
354,三菱重工業長崎造船廠
355,南斯拉夫人
356,管理不善的困擾，而現如今民主制度的恢復
357,硫
358,丹尼索瓦人混血
359,忽必烈
360,中國
361,2000年
362,拉直
363,俄國
364,1954年
365,韓國
366,維京戈達島、阿內加達島和約斯特范大克島
367,1964年
368,史都華
369,1910年
370,丘豆伐可汗
371,中亞新興大國花剌子模在沙阿摩訶末時期崛起，該國訛答剌地方大臣海兒汗亦納勒術前後兩次屠殺蒙古商隊並侮辱蒙古使臣
372,1958年
373,2011年
374,環境保護
375,巴爾的摩
376,中華民國政府
377,社團部
378,
379,全息照片郵票
380,孔子
381,大連路
382,2005年
383,中國對處決犯人一直採取保密的措施
384,哥白尼
385,
386,雙循環泵
387,1809年
388,德國和日本國內市場狹小而無法發展
389,民國36年
390,害怕德軍在東線戰線上沒有足夠兵力應付俄國。故此，他決定於西線調派多一些兵力到東線上應付俄軍，此決定令德軍於西線的進攻上遇到更多困難
391,較大
392,盟旗制
393,受到材料與設計的影響
394,國家起源說
395,路易·巴斯德
396,中部科學園區
397,宣統三年九月十九日
398,1991年
399,《三國史記
400,第二次工業革命
401,突厥語
402,哈雷阿卡拉國家公園
403,坎貝爾
404,8小時
405,最受歡迎女歌星
406,民國18年
407,國立廣東大學
408,亞伯拉罕
409,六億七千多萬美金
410,妖怪
411,專家
412,中文
413,礦水的酸鹼值和氧的逸度
414,非常混亂
415,阿爾泰語系
416,清太宗
417,信陽市
418,1000
419,美國空軍准將
420,質量
421,科學
422,媽祖
423,鮑德溫伯爵
424,周恩來組織
425,20餘米
426,蘇丹
427,大都督府
428,育苗
429,
430,恆星
431,那拉氏
432,辛酉政變
433,銅的礦物
434,統一企業
435,2013年1月1日
436,生物學研究
437,陳誠
438,孫中山
439,德國單獨媾和
440,德國的進出口貿易
441,中原大戰
442,1978年
443,天皇
444,1
445,英國
446,嘉義市
447,元初曾設立了都水監和河渠司，專掌水利
448,肺呼氣機制
449,五角星
450,君士坦提烏斯二世
451,航海工業和航海貿易中心
452,埃姆斯蘭高速公路
453,匿蹤性能較佳
454,
455,1919年
456,直播人類影像
457,北京路
458,盟旗制
459,臺南州
460,腓力二世
461,大陸內陸區
462,一次大戰期間
463,溫布頓網球錦標賽
464,中華人民共和國
465,保守派
466,已開發
467,全唐詩
468,1911年
469,經濟開發五年計劃
470,七年
471,荷蘭共和國和奧地利
472,貝爾實驗室
473,陳奕迅
474,吳三連
475,1918年
476,米勒
477,1月8日
478,掃雷艇部隊
479,
480,多黨制
481,民國3年
482,1952年
483,波你尼
484,東晉時期
485,飛控系統
486,光明星4號」衛星後，宣布全面中斷韓朝僅存的經濟合作項目開城工業園區
487,烏孜別克人
488,2555公里
489,國共內戰
490,高句麗聯合[UNK][UNK]
491,茲維亞德·加姆薩胡爾季阿
492,避免造成路口交通不暢
493,反艦導彈擊沉，因此攻擊水面艦艇的任務又成為驅逐艦的重要任務。燃氣輪機
494,荀子
495,清朝
496,
497,雙北合作交流平台
498,將傳統的靜穩定推向靜不穩定設計
499,中國政法大學
500,瓜拿納
501,當時防空海報
502,鈉鹽
503,古代
504,民國4年12月25日
505,西格里
506,
507,社會主義最終實現共產主義
508,貝爾根
509,太白
510,朱棣
511,
512,低稅賦
513,小選舉區制
514,科索沃
515,抗議活動
516,自由放任
517,綠色工業
518,四年
519,段祺瑞
520,喬治
521,新店
522,1925年
523,蝸頂
524,1960年代
525,美元交易中間價
526,小型雷達測距儀追蹤目標的距離
527,2002年
528,天然氣
529,海外進行軍事冒險
530,第二個用戶儲存頁面同一段落的編輯，之後當第一個用戶嘗試儲存網頁時，就會出現編輯衝突
531,整理遺產
532,沒有兩性的分化，在同一個生物體中可能同時有雄性及雌性的生殖器官
533,經濟建設
534,《中華民國臨時約法
535,香港傳統粥店
536,愛國教育
537,帕吉勒提河
538,西南美麗的地方
539,天」的至高無上
540,開羅
541,1932年
542,榮茂
543,1955年
544,多倫多運輸局在多市範圍內提供公共運輸服務，是北美洲繼紐約市和墨西哥城後第三大市營公交系統。運輸局
545,古羅馬共和時期的元老院的榮譽職銜，後經屋大維所創建的元首制度中，該職銜即是歷史俗稱羅馬皇帝的正式稱呼。公元前一世紀
546,柵欄
547,1898年
548,
549,查爾斯
550,藥葛羅
551,健康寫實電影
552,1956年7月
553,矮星
554,新生代
555,伊爾庫茨克國立大學
556,鐵木真
557,32753人
558,1789年
559,兩個
560,永康方巖
561,日占時期
562,金正恩
563,屈萬祥
564,總兵官
565,阿普列尤斯
566,哈大客運專線
567,漢風魏韻
568,自然科學
569,反文化運動
570,英國
571,趙翼
572,轟炸機
573,小型雷達測距儀追蹤目標的距離，協助飛行員找到最佳射擊時機，提高一般飛行員的命中率
574,義大利
575,中世紀
576,耳蝸核
577,刺史
578,18個
579,至元二十九年
580,自由派
581,
582,陶瓷
583,1980年代
584,比利時
585,法屬路易斯安那
586,1918年
587,甘肅省
588,9年
589,特洛依
590,1941年2月1日
591,101公里
592,國務院常務會議
593,低倍率
594,喬治亞共和國
595,1943年
596,
597,足式臀位
598,聯邦制
599,韓國
600,氯仿
601,希臘
602,瀕危物種
603,越戰
604,公民權
605,冷氣
606,極端大陸性氣候
607,金華
608,1928年
609,定向天線
610,霍布斯
611,1897年
612,中山盛產海鹽
613,中國人民銀行籌備處
614,市場分析
615,滬寧鐵路
616,2005年
617,家庭喜劇片
618,
619,婦女
620,反對建文帝削藩
621,
622,
623,社會民主黨，9位來自自由民主黨
624,傳播色情
625,電穿孔細胞
626,
627,第五區
628,法國也曾經與瑞士僱傭兵建立合同，組建了隸屬法國
629,1982年
630,漢武帝
631,湖南地區是錦江以南全羅南道和全羅北道
632,譴責外蒙古企圖分裂中華民國
633,義大利
634,西方文明開始衝擊朝鮮半島
635,東晉常[UNK]
636,1936年
637,預言
638,非商用
639,五桂山
640,日本竹[UNK]魚
641,嘉義市
642,農業
643,29個
644,民國29年
645,10月23日
646,人傳
647,漢字詞
648,第二次世界大戰
649,5000噸級
650,君士坦丁堡
651,2015年年底前
652,古漢語
653,22年
654,伊薩克
655,阿拉里克
656,岡瓦那大陸
657,1937年
658,1964年
659,高麗
660,油氣開發
661,外太空
662,明孝宗
663,阿圖什
664,第一區
665,1925年
666,照射紫外線
667,九一八事變
668,春秋
669,史前人類宗教信仰和習俗的總稱。更具體的，包括舊石器時代、中石器時代、新石器時代和青銅時代的宗教。西方殖民主義興起後，殘存於近代原始部落的原住民宗教
670,
671,1978年
672,楚雄彝族自治州
673,日本領土。1679年，松前藩在庫頁島的久春古丹建造臨時性的漁民居住所，並開始與當地愛努族居民進行貿易。1689年，清朝與沙皇俄國簽定尼布楚條約
674,中央窩
675,哈里發
676,殖民主義
677,奧德
678,6萬平方千米
679,2000公厘
680,人民勞動的積極性
681,麥克萊倫將軍卻與原先設定的溫和派政策不合，結果大多數好戰派民主黨人都投給了林肯。1865年內戰結束後不久，林肯遇刺身亡，其副總統安德魯約翰遜繼任總統，雖然約翰遜
682,赤城鎮政府街1號
683,內層的漿膜心包和外層的纖維心包
684,羅非魚
685,潘普洛納
686,法國
687,1848年
688,《臺灣府志》
689,杜林
690,第265任
691,一盤中戰至6比6
692,39年
693,河南省郵電印刷廠
694,傑伊條約
695,超新星
696,全斗煥
697,2007年
698,特洛依
699,索馬利亞政府司法
700,382年
701,軍隊編制問題
702,閩粵居民
703,韓國
704,1980年代
705,何韻詩
706,1923年
707,畢達哥拉斯
708,2009年
709,湘西土家族苗族自治州
710,袁術
711,不含可可鹼
712,佛像最廣為流傳。早期的寺院和石雕都是印度西域風格，面相豐盈，肢體肥壯，表現莊嚴。自東晉
713,李定國
714,22條
715,公共健康與醫學領域
716,《新基本法令
717,1962年
718,太宗即位
719,
720,奧匈帝國
721,匈奴帝國
722,白矮星
723,咖啡因中毒
724,[UNK]騎大將軍司馬元顯下令討伐荊州刺史桓玄，並以劉牢之為前鋒。桓玄率軍兵臨建康時，劉裕請求進攻，但劉牢之不肯，反而想叛歸桓玄。劉裕當時與何無忌
725,階梯狀
726,漳州人
727,6個小時
728,1866年
729,憲法
730,嚴濟慈
731,90年代
732,金日成
733,第5
734,吉爾·德·萊斯
735,波吉亞家族，誕生於西班牙瓦倫西亞
736,1787年
737,王保保從不理會，被朱元璋
738,復仇之名向孫權發動夷陵之戰。孫權先向曹丕稱臣，被封為吳王，都武昌，以避免兩線作戰
739,1898年
740,守舊派
741,中華人民共和國
742,端敬王后
743,中生代
744,約瑟普•布羅茲•狄托
745,中國共產黨
746,從未修改國會選區
747,抑制人口增加而實行的計劃生育
748,
749,中華人民共和國國務院
750,維多利中心的福建社團聯會
751,1.994公里/秒
752,嚇阻鳥群的稻草人
753,推行反共政策
754,5～8％
755,日本
756,分子雲內部
757,鮮卑部落
758,鮑德溫伯爵
759,1918年3月22日復職。同年
760,1939年
761,東三省陸軍講武堂
762,巴黎條約
763,1970年
764,
765,乾燥
766,格拉喀喇可汗
767,
768,出設兩個分組賽階段的資格賽賽制
769,周昂駿
770,民國16年
771,13世紀
772,三監之亂
773,周恩來
774,馬略
775,至元十三年
776,妖怪
777,60年代
778,圖西族
779,聖餐持紀念說
780,自殺罪
781,三國史記
782,木星
783,長沙太守
784,
785,2002年
786,上海
787,比利時
788,濃硫酸
789,科學
790,兄弟國的盟約
791,1982年
792,硫
793,1979年
794,義大利
795,農業
796,卡拉恰伊湖被世界觀察研究所定為地球上「污染之最」，在二十世紀五十到六十年代成為蘇聯垃圾場。第二個地點為俄羅斯
797,趙昀
798,
799,南京市
800,共和黨
801,百濟
802,二戰的爆發
803,1976年
804,上海
805,1949年
806,麻省理工學院
807,婚姻制度由群婚轉向對偶婚，形成了比較確定的夫妻關係
808,第二次義大利衣索比亞戰爭
809,布列斯特-立陶夫斯克條約
810,1449年
811,1986年
812,隆武帝
813,第一次世界大戰
814,叔敖
815,三千年豔屍記》
816,雙汗制
817,保祿六世
818,民權運動，與一系列守舊的反聯邦政治行動。戰後，南方被美國實行半軍事管制
819,中華全國體育協進會改為中華全國體育總會
820,極端的情形是由恆星自轉
821,少林足球》
822,1956年
823,《產假和保護婦女兒童權利法》
824,投資環境轉差
825,中華民國國軍
826,
827,人民頻繁的遷移
828,公元7世紀
829,網際網路版權問題的存在，往往被禁止的作品可以在網上免費收看
830,保證共和派控制國民議會，阻止保王派復辟
831,匈牙利
832,1979年
833,
834,寧都會議
835,西區門戶計畫」、捷運機場線等國際工程實施
836,太陽
837,
838,文化人類學
839,1987年
840,同志收養子女
841,海河流域。東部主要有松溪河、清漳河、濁漳河；西部主要有瀟河、烏馬河、昌源河、惠濟河、龍鳳河、靜升河。汾河
842,關漢卿
843,張學良
844,陳平順
845,主序帶
846,厄德
847,整個站體都位於天橋上的車站
848,1955年
849,中國代表權變更問題
850,青銅時代
851,足利義昭
852,朝鮮白頭山
853,德國人
854,2014年
855,羅馬帝國
856,重力
857,路加是希臘人
858,生物演化
859,1987年
860,韓國
861,王孝通
862,大英
863,法文老師
864,阿瓦魯阿
865,廉興
866,基因特質
867,印地語
868,托勒密和哥白尼
869,康熙帝
870,秧苗長高約八公分
871,13小時
872,民國43年
873,地質類學科
874,北京物理所任研究員，方勵之調北京天文臺
875,咖啡因
876,瓦倫斯
877,2000年6月與金正日
878,一日生活圈」變成了「半日生活圈
879,美西戰爭
880,尊漢思想
881,蒂羅爾
882,宙斯
883,位於風景區外圍及重要公路旁的便利商店還提供顧客臨時停車位及廁所
884,1910年革命
885,鎬京
886,蒙漢通婚
887,杜慧度
888,憲政改革
889,英國
890,斯塔福德郡
891,義熙十四年
892,劉少奇
893,2002年
894,初中3年，高中3年
895,人類想像與傳說
896,東德使館
897,2008年人口數字為1707983人，都市圈人口大約2785000人。城市面積512平方公里，都市圈面積12266平方公里。冷戰時期
898,1989年
899,黑洞
900,天然地
901,馬可波羅
902,新羅馬
903,上海鐵路局
904,中國人民銀行
905,《倫敦條約》
906,德語聖經
907,生育自主權
908,大質量的恆星燃燒燃料的速度
909,加拿大軍隊
910,120天
911,1950年代
912,文藝復興運動
913,行為不檢點
914,文藝復興式
915,楚州人
916,1590年
917,1989年
918,出發
919,民主德國廣播電台
920,最遙遠
921,1584年
922,馬可·波羅遊記》中描繪出元朝中國的繁華景象
923,丹尼爾·邁耶
924,新奇科幻
925,2000年
926,67個
927,12月7日
928,1884年
929,義大利拉帕洛
930,黑龍江
931,私立大學
932,歐登堡
933,早期韓國華僑的聚集所在
934,李[UNK]
935,林紹良
936,汪大淵
937,漢字詞在數量上要占到韓語詞彙一半以上。外來語是指從中國以外的其他國家借鑑過來的詞語，以英語
938,[UNK]稻
939,宋真宗
940,120%，同年齡段女性的自殺率只有33
941,茂文·李洛埃
942,9月
943,其副汗或小汗多帶有伊利的的稱號
944,唐德剛
945,路易十四
946,韓國
947,0.07個
948,閩南人
949,28年
950,李煥之
951,昆明城巴
952,海膽卵細胞受精作用的研究顯示，精子的細胞核會進到卵子
953,石排灣
954,正教
955,八角鼓
956,歐洲鋼鐵產量會下降
957,文化大革命
958,1642年
959,徐載弼
960,庫里勒台大會由其子貴由
961,匈奴人
962,芝加哥大學
963,船業
964,射擊斷續器
965,紐格威森林
966,2012年
967,斐迪南·德·雷賽布
968,
969,166年
970,香港天文台
971,市場經濟
972,1963年
973,亞歷山大六世
974,1789年
975,天安門廣場集會
976,70年代初
977,1958年
978,各國佔地不大，但往往分置許多州，以致州境縮小。並且將自己沒有統治的州郡也常常在境內設置，例如前趙將幽州設在北地郡，後秦將冀州設在蒲板，南燕將徐州設在莒縣等。由於一些國家採胡漢分治的制度
979,涵元門
980,趙翼
981,漢文
982,12次
983,科學社會學
984,1138公頃
985,《中華人民共和國村民委員會組織法》
986,荷蘭
987,聯合國專家
988,打破香港華語片票房紀錄
989,內陸地區
990,國大黨
991,白[UNK]紀滅絕事件
992,權色交易
993,異端邪說
994,1252年
995,元朝
996,1932年
997,1972年
998,鐵製蒸汽船
999,文森特
1000,環境保護主義
1001,詹姆士·麥迪遜
1002,1946年
1003,
1004,
1005,1982年12月8日
1006,甘迺迪政府學院
1007,太陽
1008,修道主義
1009,1999年
1010,亞歷山大漢密爾頓
1011,中國大陸
1012,1959年
1013,黨委員長
1014,紐約尼克
1015,普通郵戳
1016,合肥
1017,100
1018,第二代戰鬥機
1019,匈奴
1020,9月2日
1021,中國
1022,工程化核酸酶
1023,伊薩克二世
1024,馬克西米安
1025,外部刺激
1026,麥克阿瑟
1027,清朝官員貪污頻繁
1028,武漢行營副主任
1029,躲避戰亂
1030,朝鮮半島
1031,64%
1032,狄拉克
1033,落實外交政策
1034,1823年
1035,漢字詞
1036,寧都會議
1037,舊石器時代
1038,166年
1039,荀子
1040,集團軍
1041,半日制學堂
1042,嚴重妨礙了公民的知情權
1043,愷撒
1044,朝鮮語
1045,倫敦霍洛威
1046,佛教
1047,烏爾蘇拉
1048,1964年
1049,南方超大陸岡瓦那大陸
1050,維持現狀
1051,挪威
1052,越戰
1053,令拿破崙蒙羞
1054,南華縣
1055,英國
1056,李紳
1057,路面電車
1058,四帝共治制
1059,1060公釐
1060,1939年
1061,唐軍
1062,劉表
1063,慶元
1064,北平綏靖公署主任張學良轉任軍事委員會北平分會副委員長
1065,民法法系、大陸法系、市民法、羅馬法系、法典法系、羅馬日爾曼法系
1066,石油危機
1067,
1068,峽灣
1069,1920年
1070,硫代硫酸氨
1071,《金雲翹傳》
1072,89萬人
1073,1910年
1074,1627年
1075,區域性污染
1076,羅德城
1077,唐生智
1078,夏季
1079,臺灣新北地方法院
1080,戴克里先
1081,士丁尼於6世紀
1082,
1083,甘肅省
1084,決勝局
1085,1
1086,義大利耶穌會
1087,一個
1088,破四舊
1089,三次
1090,
1091,俗語同時共存，而俗語
1092,張學良任旅長，郭松齡
1093,爆炸性
1094,邊督辦公署
1095,明朝時期
1096,1968年
1097,反潛
1098,1932年
1099,吉田定房
1100,世稱恭順
1101,河川
1102,抗日戰爭
1103,財產資格限制
1104,南越國
1105,汗位取得不合法
1106,奧東·德拉羅什
1107,灣仔北
1108,帕塔普斯科河
1109,1945年
1110,義熙十一年
1111,政府資助研究項目
1112,芬蘭的赫爾辛基
1113,《男人四十》
1114,羅馬帝國
1115,1801年
1116,辛亥革命
1117,邱行湘
1118,合會朱陸
1119,傑弗里·德維爾阿杜安
1120,阿拉伯半島
1121,塞爾維亞反對黨
1122,加州尤巴城
1123,君主
1124,天下人
1125,外蒙古
1126,現代黑客
1127,朱序
1128,匯率波動頻繁
1129,政府工作報告
1130,1992年
1131,康拉德·阿登納
1132,山東半島
1133,聖奧古斯丁
1134,公元185年
1135,弱勢群體
1136,大正天皇
1137,天使路
1138,中國歷代
1139,義輝
1140,林肯得以主導戰爭
1141,中華人民共和國衛生部
1142,伊斯蘭教蘇菲派一神論
1143,斯拉夫人
1144,第4
1145,聯邦制
1146,1799年
1147,加勒比海地區，處於波多黎各
1148,瑞士蘇黎世州
1149,七月初四
1150,英國
1151,76間
1152,
1153,1948年
1154,分散了泛國民黨支持者的票源
1155,2次
1156,秧苗
1157,七個
1158,劉少奇
1159,卡加梅
1160,93位
1161,天城體
1162,2010年
1163,財務分析
1164,自然，而羅馬文化崇尚什麼?[SEP]為它畢竟是羅馬社會的產物，其採用的語言是拉丁語。在西方學術界，古羅馬文學被認為是廣義的拉丁文學的一部分。與古希臘海洋民族不同，古羅馬屬於內陸民族，主要以耕牧
1165,海軍中尉
1166,德川家康
1167,空射火箭
1168,1836年
1169,敘利亞
1170,上海
1171,德里克·羅勃茲因
1172,伊斯蘭教
1173,太空船地球號
1174,哥廷根亨德爾國際音樂節
1175,滬昆高速公路
1176,分娩，特指胎兒脫離母體成為獨立存在的個體的這段時期和過程。分娩的全過程共分為3期，也稱為3個產程。第一產程，即宮口擴張期
1177,
1178,歐德謨
1179,本頓
1180,通州張家灣
1181,傳統儒家思想
1182,東北抗日義勇軍軍歌
1183,廣州
1184,聽診器
1185,為現代城市塑造了輪廓
1186,唯泰主義
1187,1993年
1188,海峽兩岸服務貿易協議
1189,兀良哈三衛蒙古各部，為了獲得大寧地區的駐牧權，聯合了當時頗為強大的阿速特部首領阿魯台
1190,自由主義
1191,1874年
1192,聲音引起基底膜的波動
1193,日式西點
1194,
1195,河東道
1196,[UNK]++
1197,希波丹姆
1198,熱帶稀樹草原
1199,韓國
1200,太原組織
1201,63個
1202,46公里
1203,十六世紀
1204,帕多瓦大學
1205,
1206,吉隆坡
1207,1891年
1208,漢族
1209,發展局
1210,埃歐最明亮極光
1211,北京電視台
1212,[UNK]州縣實際解散
1213,十月革命
1214,英國
1215,美國大學協會
1216,中國教育
1217,
1218,開京
1219,美國大蕭條時期
1220,解決元成宗時期的財政危機
1221,伊薩克二世和阿列克修斯四世索取報酬，以繼續東征。但二位皇帝兩手空空，既沒有錢來還願，也沒有辦法去弄錢，萬般無奈下，伊薩克
1222,明文
1223,蔣介石
1224,全印穆斯林聯盟
1225,受通古斯人壓力
1226,喇嘛教
1227,鎌倉時代
1228,太陽
1229,建設中國特色社會主義
1230,劉裕
1231,基督教
1232,鮑德溫
1233,佛教
1234,周代
1235,東正教
1236,臺北市
1237,鄧小平
1238,總統
1239,武陵
1240,殺蟲
1241,法國大革命
1242,自由韓國黨
1243,
1244,二十世紀
1245,消極防禦戰略
1246,紫外線
1247,1898年
1248,義大利汽車之都
1249,
1250,自律心肌細胞
1251,提供鐵路列車動力
1252,聖喬治拉丁文學校
1253,23年
1254,1948年12月1日
1255,武宗系
1256,
1257,魏博拉盧比民達行業工會
1258,山背文化
1259,基本差異
1260,尚吉巴
1261,瓊州海峽
1262,安德魯約翰遜
1263,普林斯頓大學
1264,83年
1265,釣魚台國賓館
1266,伊達政宗
1267,解釋恆星內部和恆星演化的模型被成功的發展出來
1268,民國15年
1269,中銀監
1270,潘章
1271,約翰·莫根
1272,臺灣
1273,第二代
1274,日美神奈川條約
1275,北京市
1276,二氧化硫
1277,哈利里德
1278,低可偵測性
1279,柏拉圖
1280,波蘭人
1281,千島湖事件
1282,英祖四年
1283,改良式腳踏車
1284,我們說相聲
1285,二人對弈
1286,1880年
1287,已開發國家
1288,八月
1289,閾下刺激物與內隱記憶
1290,廣州話
1291,傑瑞·威斯特
1292,粳稻
1293,挪威
1294,1800個
1295,中國郵政集團公司
1296,金礪
1297,東德
1298,2013年有人口368011人
1299,
1300,1913年
1301,這所新院校的使命乎合土地撥贈法案的要求
1302,阿拉曼人
1303,洛杉磯快艇，是一支位於美國蓋瑞福尼亞州洛杉磯的[UNK]籃球隊，分屬於西區的太平洋組，主場為史坦波中心。球隊在1970年成立於水牛城，1978年遷至聖地牙哥，1984年再遷至現今的洛杉磯
1304,腓力五世爭議性地禪位予長子年僅十七歲
1305,牡丹峰樂團
1306,印度
1307,3座
1308,周敦頤
1309,海因利希・弗格勒在靠近不萊梅的沃爾普斯韋德
1310,朱利烏斯·凱撒
1311,豫
1312,1919年
1313,1133515人
1314,文言文無法準確紀錄越南本民族語言
1315,排灣族
1316,牛津大學
1317,普選制度
1318,李承休
1319,2015年
1320,1969年
1321,民主黨
1322,水田
1323,
1324,488年
1325,病態賭徒
1326,全國人民代表大會
1327,外太空
1328,周敦頤
1329,雅爾達協定》
1330,瑞士
1331,1905年
1332,美國
1333,鐵
1334,拿破崙
1335,廣東省
1336,[UNK]
1337,羅馬法
1338,心理學
1339,希臘
1340,拉丁字母
1341,[UNK][UNK]條約
1342,
1343,外交獨立性
1344,24英吋克拉克望遠鏡
1345,生物質
1346,秘書處
1347,就地掩埋稻草，除不會製造空氣汙染外，尚可加強土壤的養份。據台灣農業改良會研究，在排水良好的稻田中，就地掩埋
1348,66種
1349,類比訊號
1350,漢族
1351,視錐細胞
1352,交通阻塞
1353,德國皇帝威廉二世
1354,政治局擴大會議
1355,法學部
1356,君士坦丁大帝
1357,美國國家草地網球聯盟
1358,1932年
1359,阿爾法
1360,鐵鉉
1361,外交手段
1362,1887年
1363,2008年
1364,畢達哥拉斯
1365,2010年
1366,1918年
1367,阿普伽新生兒評分
1368,魯宗之
1369,被明朝擊退
1370,大韓帝國
1371,2012年
1372,生物動力學
1373,印度洋暖濕氣流
1374,太白山脈
1375,中國外長孫寶琦
1376,速度
1377,民國十八年
1378,飛盧峰
1379,一萬兌一比率
1380,10名
1381,東北停戰協定
1382,1996年
1383,1985年
1384,公元前1世紀
1385,顯示自己的獨立自主
1386,公元前三世紀
1387,車站
1388,1971年
1389,1997年
1390,默頓學院
1391,高雄西子灣
1392,越南
1393,1914年
1394,慫恿美國總統到訪廣島市
1395,2300多種
1396,對能源的需求持續增長
1397,女性
1398,40倍
1399,1953年
1400,白色
1401,1856年
1402,羅鳳
1403,反革命事件
1404,王光美
1405,理察·科伯恩·麥克勞林
1406,東德建立了就業保障制度，且與西德
1407,1624年
1408,15%
1409,江青
1410,奈及利亞
1411,美國
1412,1979年
1413,聯星
1414,桑
1415,人文風情
1416,
1417,1973年
1418,無嗣失權
1419,南開中學
1420,科學家
1421,10萬人
1422,元惠宗
1423,佝[UNK]病
1424,南島語系
1425,
1426,哈雷彗星來臨
1427,獨裁政體是一種政府形式，由一個單一個人，或一個小群體，集中掌握了絶對的權力
1428,社會文化
1429,元代
1430,3766人
1431,限制性消化
1432,劉牢之
1433,伸展台模特兒
1434,兩層
1435,志費尼
1436,中國共產黨
1437,《鋼鐵是怎樣煉成的》
1438,2005年9月
1439,一時佳話
1440,錫克教
1441,1986年
1442,《西部開拓史
1443,百越族
1444,省級公園
1445,哈利里德
1446,伊斯蘭教
1447,
1448,明太祖建國
1449,
1450,阿內加達島
1451,低可偵測性
1452,外國不可能介入內戰
1453,南朝鮮
1454,古代查莫洛社會
1455,僱傭保險
1456,日本
1457,大學
1458,九龍灣設置總部，包括機電工程署總部大樓
1459,廣州
1460,佛教
1461,陳朝
1462,11000間
1463,有色人種
1464,約瑟普•布羅茲•狄托
1465,漢諾威
1466,中央電視台高清綜合頻道
1467,石亭之戰
1468,《蘇蒙修好條約》
1469,主體史學
1470,心室底壁組織
1471,1662年
1472,1874年
1473,第二產業
1474,俄羅斯
1475,杜登
1476,[UNK]總能量
1477,社會主義市場經濟
1478,張議潮
1479,托列斯海峽
1480,正德十一年
1481,陳聖宗、陳興道率領的陳軍積極抵抗，並且瘟疫四竄
1482,法國
1483,赫爾德瓦爾
1484,孟加拉
1485,沙俄軍隊
1486,200萬立方公尺
1487,黑龍江
1488,2003年
1489,維多利中心
1490,新界原居民
1491,蔣中正
1492,大和國
1493,佛教
1494,人而對聲音頻率的分析
1495,有性生殖
1496,深入探討人與電腦、網路等科技產物關係
1497,為免兩國爆發戰爭
1498,巴塞隆納奧運
1499,鬍鬚狀
1500,阿拉巴馬州
1501,猴祭及女性的鋤草祭
1502,[UNK]-15戰鬥機
1503,拉辛格
1504,主要用作客車整備
1505,1980年
1506,1958年
1507,俄羅斯
1508,選擇標記
1509,路易斯一世
1510,《時代》雜誌
1511,極權主義
1512,斯特-立陶夫斯克條約
1513,路易十四
1514,蘇聯
1515,後燃器
1516,海布里球場
1517,東吳
1518,愛德華一世
1519,稻花沒有花瓣，也很難看到雄蕊雌蕊，它們都由稻花的內外穎保護著
1520,民國二年析思茅廳置普思沿邊行政總局，治今景洪市，隸滇南道。民國十六年
1521,經常被稱為大陸妹以及其他歧視情況而很不快樂
1522,獻縣張莊
1523,蓋茲
1524,陸秀夫
1525,東南亞資本
1526,
1527,《塘沽協定
1528,加爾
1529,1897年
1530,胡錦濤
1531,2003年3月4日
1532,關心人類價值和環境品質的人本主義
1533,新增決策局為發展局
1534,杭州[UNK]橋機場
1535,勃艮地人
1536,興登堡元帥建議在德國議會提出要「結束戰爭
1537,總督
1538,興王
1539,衛奕信
1540,非歐幾里得幾何
1541,2009年
1542,全國重點文物保護單位，分別為許昌文峰塔
1543,忽必烈
1544,花垣縣
1545,
1546,惠金斯原理
1547,黑龍江
1548,麻省理工
1549,參議員
1550,2010年
1551,便於管理漢地，也於漢族四大世侯合作，逐漸鞏固了對河北、山西等地的治理
1552,喬托號
1553,公開表示願意在死後捐獻出遺體和器官
1554,烏里雅蘇臺將軍
1555,拿破崙為「社會主義皇帝」。聖西門主義
1556,1945年戰爭結束，於9月21日恢復西部標準時。1945年
1557,蔡[UNK]
1558,中國
1559,刑部大理寺狀》
1560,澳大利亞新南威爾斯州
1561,太陽運動
1562,聖方濟·沙勿略
1563,羅馬共和國時期
1564,細毛
1565,韓國
1566,錫克廟，建於1901年，並於1935年增建為現有規模，位於司徒拔道和皇后大道東交界。南固臺
1567,圖西族
1568,最後一次
1569,五個
1570,張三祿
1571,15世紀
1572,文藝喜劇片
1573,袁術
1574,高血壓
1575,劉裕
1576,《中國郵政集團公司章程》
1577,保護環境、推進生態環境健康
1578,城市物質形態
1579,環境保護主義
1580,773年
1581,懷柔區
1582,七間
1583,民間反應不佳
1584,光緒十年
1585,1970年代
1586,西班牙
1587,瑞士
1588,肌源性
1589,加拿大
1590,七個
1591,安定
1592,奧地利
1593,乾旱
1594,七卷
1595,新北市
1596,甲午戰爭
1597,普羅蒂奇辭職，中立的米倫科·韋斯尼奇接任。民主党進入政府，但社民黨就因為政府採取反共措施
1598,1910年
1599,西里爾字母
1600,1935年
1601,英華字典
1602,8.6%
1603,浙江海商
1604,巴西
1605,歐洲聯盟委員會
1606,天壇建築的主要設計思想就是要突出天空的遼闊高遠，以表現「天」的至高無上
1607,美國
1608,加加林
1609,七年戰爭
1610,100米
1611,咖啡因中毒
1612,國民政府
1613,漢江
1614,青光眼
1615,社會主義
1616,財務部
1617,2002年
1618,射擊斷續器
1619,5位
1620,芽孢炭疽桿菌
1621,1945年
1622,金代
1623,好萊塢的八大影業：米高梅
1624,1988年
1625,記錄」號
1626,英國
1627,耶穌會
1628,二戰
1629,鐵鉉
1630,
1631,義勇軍進行曲
1632,棉花
1633,卡洛·埃馬努埃萊一世
1634,
1635,中國領土
1636,先來後到的土地分配衝突
1637,分子雲
1638,勒拿河
1639,厄德
1640,古羅馬
1641,當時儒教興盛
1642,巴夏禮拒收
1643,克里斯蒂安四世
1644,無限制潛艇戰
1645,哈大客運專線
1646,韓國的主要植物有槭樹、[UNK]樹、楓樺、紫[UNK]、榆樹等。南部沿海和濟州島的植被是亞熱帶常綠闊葉林
1647,1947年
1648,普法戰爭
1649,奧東·德拉羅什
1650,約翰·莫根
1651,耐腐蝕性
1652,1852年
1653,咖啡因
1654,中國應該統一
1655,
1656,怯薛
1657,汪精衛
1658,體育部
1659,單斜棱晶體
1660,直系
1661,水牛城勇士
1662,孫中山
1663,七月二十四日
1664,賽丁泉天文台也有韓國的望遠鏡、新南威爾斯大學的拉山全球網路望遠鏡。在1990年，格林威治天文臺追蹤地球衛星的設備在運做了10年之後關閉。賽丁泉天文台
1665,殖民政策
1666,[UNK]染色體
1667,日本
1668,16世紀
1669,潮濕的大陸性氣候帶
1670,母細胞
1671,猶太人
1672,孟郊
1673,佩德納萊斯河，德克薩斯州石牆郡
1674,皖系軍閥
1675,楚州人
1676,1964年
1677,1967年
1678,主人
1679,哲布尊丹巴
1680,司馬休之
1681,將原「布政司署」改稱為「政府總部
1682,1861年2月9日
1683,3月19日
1684,漢字
1685,安托萬·拉瓦錫
1686,伊斯蘭教
1687,壓力
1688,武則天天授元年追封為「褒德王」，宋真宗大中祥符元年
1689,美利堅合眾國眾議院
1690,列支敦斯登
1691,盧安達法郎對美元的匯率為每680.48盧安達法郎
1692,皖浙贛獨立團
1693,德川家康
1694,經濟蕭條
1695,世族
1696,1853年
1697,福建閩南地區
1698,民國34年
1699,1270年
1700,飛控系統
1701,三個
1702,香山縣南朗翠亨村人。建立中華民國，廢除了中國數千年的君主體制，任中華民國
1703,俄羅斯，中國
1704,庄[UNK]
1705,江河級驅逐艦
1706,2015年
1707,8.37%
1708,研究占星術
1709,颶風
1710,世界氣象組織
1711,大秦
1712,海河流域
1713,旭烈兀
1714,700家
1715,中國溧陽茶葉節
1716,全市綠化比例高
1717,收到十二道金牌班師回朝
1718,澳大利亞
1719,燕京
1720,民國三十七年
1721,7980年
1722,1947年
1723,青島海軍基地
1724,姑臧
1725,日本各[UNK]鐵路公司的票務櫃臺
1726,周恩來
1727,波蘭進入戰時狀態
1728,過境時辦理簡單的手續，西方遊客
1729,視網膜神經節
1730,黎元洪
1731,宋美齡
1732,越南
1733,第二次世界大戰
1734,1961年
1735,
1736,陳誠
1737,1966年
1738,奈特·麥克米蘭
1739,無佛像時代
1740,1977年
1741,白色
1742,自由聯合關係
1743,未能
1744,英國
1745,它違反《憲法》、《立法法》、《行政處罰法》及中國簽署的國際人權條約，使公民的人身權利不經審判被剝奪，同時沒有救濟的渠道
1746,《劃一現行各道地方行政官廳組織令》
1747,漢玄菟郡
1748,1948年
1749,蒸汽膨脹
1750,隋[UNK]帝
1751,副熱帶季風氣候區
1752,日本
1753,美國心臟學會
1754,大英帝國
1755,《八篇書
1756,德軍
1757,比利時
1758,路易十四
1759,合作派
1760,思覺失調症
1761,倫敦煙霧事件
1762,七成
1763,1990年代
1764,阿弗剌昔牙卜
1765,24%
1766,高麗國
1767,後現代主義
1768,1828年
1769,丹尼爾·邁耶創造了「維基媒體」一詞來稱呼這一軟體，並在2003年8月開始逐步得到採用。由於這一名稱有意地相似於「媒體維基」一名，因而經常造成混淆
1770,興大學生會
1771,西安招待所
1772,公元前12年
1773,湯瑪斯傑佛遜
1774,安太歲習俗
1775,郵值標籤
1776,席哈克略皇帝
1777,1989年
1778,宙斯
1779,農耕節
1780,俄國革命
1781,制衡德軍，在該年7月初向索姆河一線與德軍爆發索姆河戰役，戰況更為慘烈
1782,李[UNK]
1783,開局
1784,敵我矛盾
1785,異物同名
1786,愷撒
1787,10
1788,會稽
1789,英國
1790,木星
1791,愛滋病毒
1792,1993年
1793,外蒙古
1794,張聞天
1795,花園城市
1796,法家
1797,五個
1798,通古斯地區過於偏遠
1799,安大略湖
1800,肉
1801,漢語
1802,劉駿
1803,峽谷河段，在赫爾德瓦爾附近進入恆河平原
1804,雙重匯率制度
1805,美國鳥類學家協會
1806,詹姆斯·史都華
1807,意識形態的原因，對私有財產的保護一直處於缺位的狀態，對個人所能擁有和支配的財產有嚴格的限制，從而使得建國初的所有制社會主義改造
1808,十六歲
1809,保護我方運用空權以及摧毀敵人使用空權之能力
1810,1928年
1811,5個
1812,[UNK]時的黑體輻射
1813,曼哈頓
1814,清咸豐年間
1815,法烏斯塔
1816,我們說相聲
1817,彌生人
1818,甲醇
1819,高句[UNK]
1820,牛隻列印問題
1821,英國
1822,隱遁鄉里，終生不願意出仕
1823,中國地質大學，簡稱地大，是一所中華人民共和國
1824,1591年
1825,1941年
1826,細胞核
1827,蒸汽膨脹
1828,俄國發生十月革命
1829,俄羅斯
1830,參與到以空前的高調呼籲對毛的個人崇拜的浪潮
1831,選舉人數超過三百萬
1832,1943年
1833,多倫多市
1834,文化變遷
1835,
1836,儒勒·凡爾納
1837,純的硫是黃色的晶體
1838,資產負債表
1839,德川家康
1840,日本
1841,2006年
1842,臺北縣政府因而對外徵求改制後的新市名，並舉行網路投票
1843,南·韓國
1844,1789年
1845,北德廣播交響樂團
1846,泰勒斯
1847,32.8%
1848,古斯塔夫·鮑爾
1849,鮑羅廷
1850,杜林
1851,金合歡
1852,13倍
1853,黃埔軍校
1854,《紅樓夢》
1855,1932年
1856,1970年
1857,雲南
1858,14世紀末至20世紀初
1859,電子郵票
1860,儒字
1861,曼努埃爾一世
1862,剛果民主共和國
1863,俄國
1864,成熟階段
1865,閉門思過
1866,梵語
1867,1950年代
1868,細菌在進行缺氧新陳代謝
1869,湯·韋迪加
1870,托木斯克州
1871,奧東·德拉羅什
1872,軍用航太
1873,20萬內地到香港定居的人士中，廣東就有11.5萬人
1874,
1875,腓特烈二世
1876,義大利
1877,2000年
1878,1932年
1879,傳統儒家思想
1880,路易-菲利普
1881,戈翁
1882,台北曲藝團
1883,《古魯·格蘭特·薩希卜
1884,1865年
1885,潘永和
1886,1924年
1887,德國財政局
1888,每人的平均月收入增幅為30%
1889,楊宇霆
1890,法國
1891,詹姆斯·史都華
1892,周恩來
1893,金礪進犯海澄
1894,環境污染
1895,泛綠
1896,國務會議
1897,洛厄爾天文台
1898,輪椅網球比賽
1899,三名
1900,關原之戰
1901,金門
1902,電氣化鐵路
1903,《資治通鑑
1904,2007年
1905,中華民國實業部
1906,1973年
1907,多倫多
1908,大學生的城市
1909,約翰·洛克菲勒
1910,1960年代末
1911,1596年
1912,埃德溫·哈勃
1913,阮攸
1914,海膽卵細胞受精作用
1915,議會制
1916,1981年
1917,東西伯利亞喇嘛教則例
1918,莫斯科
1919,五分之一
1920,德意志語言正字大詞典
1921,魔獸英雄傳
1922,南肯辛頓博覽會路
1923,渡假留香》
1924,日本
1925,美國硫酸是所有生產得最多的化合物
1926,德國
1927,水門事件
1928,中山
1929,閻錫山
1930,1997年
1931,托爾金
1932,龍興之地
1933,中國政府因開放市場的需要
1934,阿伊努人
1935,1937年
1936,五倍
1937,煤炭
1938,艾森豪
1939,3400萬
1940,單手反拍
1941,帕西瓦爾·洛厄爾
1942,二二八事件
1943,紅色
1944,澎湖
1945,亞硫酸
1946,理學
1947,1998年
1948,2016年11月
1949,
1950,1950年
1951,這項觀測因為高輻射的環境
1952,
1953,生物質
1954,1939年
1955,清朝末年
1956,安土桃山
1957,哲學原理研究
1958,2001年8月15日
1959,第六次全國人口普查
1960,加勒比海
1961,1455年
1962,鄧穎超
1963,很快成為文藝復興時期、巴洛克時期和新古典主義時期建築界的經典
1964,傳統音樂
1965,提防燕王謀反
1966,奧地利
1967,
1968,恢復市場的功能
1969,北非
1970,中華民國政府
1971,1834年
1972,淋巴液
1973,償命
1974,1901年
1975,十八歲
1976,近年亦有巧克力
1977,農歷新年
1978,穆罕默德·昔班尼
1979,音速巡航
1980,1312年
1981,1970年
1982,30℃
1983,以色列
1984,宦官
1985,兩個
1986,對日抗戰
1987,1989年
1988,阿忽台
1989,天文學家
1990,毛澤東
1991,美國
1992,國際非政府組織
1993,1991年
1994,中部科學園區
1995,台灣滾石唱片
1996,曹議金
1997,冷戰期間
1998,1928年
1999,收容遣送制度
2000,中國國民黨
2001,寂靜錢鍾書
2002,狄拉克
2003,金黃飽滿
2004,滿蒙獨立運動
2005,百濟，破其國都、殺百濟王，佔領漢江流域，國力達到極盛。這次劉宋沒有再派出水軍
2006,毛澤東
2007,質子-質子鏈反應
2008,劉少奇
2009,瑞士洛桑國際管理學院
2010,2007年
2011,著陸
2012,試圖使中華人民共和國的人權狀況與國際普便認可的標準接軌
2013,丹尼爾奧爾特加
2014,幾何學
2015,1998年1月1日
2016,《風之國度》
2017,蠻族事務局
2018,喀爾喀人
2019,首席的元老
2020,11世紀
2021,阿普列尤斯
2022,德國人、義大利人和來自東歐的猶太人
2023,光度
2024,美國政府援助，1979年12月國會通過克萊斯勒貸款法案
2025,省務會議
2026,1610年1月7日
2027,荷蘭
2028,喬治亞共和國
2029,1852年
2030,六四天安門事件
2031,衛星將地面基站
2032,通俗的
2033,恆星的半徑
2034,在伯利恆修道院，哭泣
2035,1948年
2036,1987年
2037,洪堡
2038,1847年
2039,唐睿宗
2040,1968年
2041,不動產
2042,寫首字母為「[UNK]·ㄎㄟ·ㄨㄞ」，被稱為韓國大學一片天。許多韓國政要都是[UNK]·ㄎㄟ·ㄨㄞ大學的校友。另外韓國科學技術院和浦項工科大學在國際上也享有很高的聲譽。韓國報刊有100餘年的歷史
2043,林肯總統
2044,養殖漢諾瓦馬、歐登堡馬和其他血統的馬是不少下薩克森邦人的業餘愛好
2045,元末民變
2046,
2047,上尉特別官佐
2048,1599年
2049,3個
2050,香港國際機場
2051,吸引選票
2052,段祺瑞
2053,普魯士
2054,高句麗
2055,內蒙古的德王試圖使內蒙古也獨立，還建立了實際上受日本人控制的傀儡政權蒙疆聯合自治政府
2056,溧陽
2057,
2058,林肯總統
2059,科什圖尼察
2060,80%
2061,婦女投票權
2062,500毫升
2063,古代
2064,民國四年
2065,蒙古人
2066,正德十一年
2067,閏盤
2068,印歐
2069,經濟學人智庫
2070,劉少奇
2071,得知蒙哥於南征南宋時去世的消息後，立即率大軍回師爭位
2072,瀧川
2073,
2074,電穿孔細胞
2075,義大利馬切拉塔
2076,2次
2077,1924年
2078,日本
2079,期貨，是一種跨越時間的交易方式。買賣雙方透過簽訂合約，同意按指定的時間、價格與其他交易條件，交收指定數量的現貨
2080,洋馬兒
2081,經濟的敗壞
2082,1米93
2083,彌次郎
2084,長者
2085,貨運列車
2086,對環境破壞傷害人民生活質量的再思考
2087,威廉·赫歇爾
2088,女性未婚人口比一度去到，香港女性的擇偶條件變得非常高，很多香港本土非逃港者
2089,柏拉圖
2090,教法
2091,塔蘭托戰役
2092,下納瓦拉
2093,阿爾卑斯山
2094,黃埔軍校
2095,1957年
2096,漢馬伏波
2097,一億光年
2098,1995年
2099,紅矮星
2100,日語
2101,阿爾法級別
2102,19世紀以前，高地德語還只是作為下薩克森邦的書面語。從19世紀
2103,草本
2104,涵元殿
2105,奧斯卡·赫特維希
2106,1971年
2107,漢諾瓦
2108,段祺瑞
2109,免疫
2110,民國18年
2111,人口
2112,1913年
2113,法國東部
2114,灣仔
2115,拉丁語
2116,美國
2117,畢達哥拉斯
2118,克勞德·莫奈和巴勃羅·畢加索
2119,世界的中心
2120,第53
2121,工業革命
2122,耶穌會士南格祿、李秀芳與艾方濟
2123,一次世界大戰時期
2124,安眠藥
2125,史坦波中心
2126,《科學怪人》
2127,林登·貝恩斯·詹森出生於佩德納萊斯河，德克薩斯州石牆郡的小農莊，他是五個孩子中最大的。他的父母小山繆·伊爾·詹森和利百加·貝恩斯育有三個女孩和兩個男孩：詹森
2128,美國的[UNK]-16
2129,泰國，在餐館用餐必須附加消費稅，在日本
2130,政司和部門之間加入「決策科」，負責制訂政策
2131,江蘇淮安
2132,劉裕
2133,中共中央副主席
2134,毒氣
2135,細胞膜
2136,普洱專區
2137,保險，保險費
2138,英國倫敦溫布頓
2139,國君身邊的齊泰和黃子澄
2140,2008年
2141,大島造船
2142,申城
2143,德川家
2144,河川
2145,岩石圈
2146,香港日治時期
2147,反托拉斯法
2148,1925年
2149,1926年成立
2150,德國
2151,亞熱帶
2152,
2153,日本
2154,
2155,漢語
2156,俄羅斯
2157,王藍
2158,南韓《朝鮮日報
2159,建興郡
2160,最低層
2161,漢字
2162,絲綢之路
2163,5642米
2164,殺蟲劑中毒
2165,緬甸
2166,
2167,京杭大運河全線貫通，從江南杭州來的大批漕船可直達大都城內的積水潭。積水潭
2168,羅曼努斯二世的兒子巴西爾二世和君士坦丁八世
2169,南奧塞提亞自治區
2170,浮動匯率制度
2171,農業
2172,秋天
2173,沙俄強行占領中國黑龍江以北、烏蘇里江以東大片領土
2174,漢馬伏波
2175,雲南省
2176,美國
2177,土地改革
2178,林邑王陽邁一世
2179,艾瑪·史東
2180,一大批來自原第三帝國東部的難民想要在這個地緣遼闊的邦找到棲身之地
2181,聯邦在內戰中取勝
2182,玉泉北路
2183,1789年
2184,280天
2185,旅遊業
2186,柏拉圖
2187,質學院
2188,2007年
2189,國家歷史文化名城
2190,維基媒體基金會
2191,一省
2192,道里根加河
2193,非婚生
2194,中山市
2195,最佳演唱團體獎
2196,正妻
2197,防火能力
2198,現代精神醫學
2199,機炮
2200,寧古塔副都統
2201,威尼斯雙年展
2202,接合
2203,第三心音
2204,李白
2205,世襲制度
2206,韓國海關
2207,奧地利
2208,2009年
2209,牛胃氣膨脹
2210,南源玉帶河三個源頭，均位於陝西省漢中市內。中源漾水河發源於寧強縣東北部，流程較短。南源玉帶河發源於寧強縣南部，長101公里。北源沮水
2211,吠陀梵語
2212,要正確地表示宇宙真實名相的真情實意，只能用「如」或「如如」來形容，意即「就是那樣子
2213,伸展台模特兒
2214,印第安納大學俱樂部
2215,雷達吸波收材料
2216,1960年
2217,2條國道高速公路通過，中山高速公路沿西緣
2218,農業
2219,東芝
2220,新北市
2221,川本芳昭
2222,伊斯蘭
2223,
2224,商業貿易
2225,要求進行民主選[UNK]
2226,2002年
2227,620年
2228,民國2年
2229,第一公民
2230,現代主義
2231,天主教
2232,美利堅聯盟國
2233,泰特里庫斯一世
2234,1949年
2235,1929年
2236,數學科幻
2237,心室底壁組織
2238,菲律賓
2239,湯瑪斯·勃蘭契特·瑞德
2240,周恩來
2241,
2242,[UNK]-51戰鬥機
2243,日本
2244,民國27年
2245,模擬別人的言行
2246,1897年
2247,李察·賓特利
2248,印尼
2249,民國十六年
2250,荊州
2251,甘迺迪政府學院
2252,不能
2253,克里米亞戰爭
2254,重慶機
2255,北京
2256,1945年
2257,清軍
2258,閉關鎖國
2259,1972年
2260,2013年
2261,史達林
2262,佳木斯
2263,1918年
2264,太陽
2265,雷達吸波收材料
2266,阿拉貢王國
2267,聯合國人權委員會
2268,庫里爾台大會
2269,氫
2270,頭
2271,賓夕法尼亞州大學
2272,環境污染
2273,穀類作物
2274,毛奇
2275,[UNK]染色體
2276,後代
2277,全球氣候
2278,王白駒
2279,
2280,第一心音和第二心音
2281,東晉
2282,噴射發動機
2283,道格拉斯
2284,玉米
2285,東羅馬帝國
2286,五個
2287,25年
2288,松花江
2289,夏洛特
2290,宋理宗
2291,哈雷彗星來臨時，曾有一群國際太空探測器被送去探測彗星系統，其中最重要的是歐洲太空總署非常成功的喬托號
2292,2017年
2293,南北韓高級別會談
2294,紅水河
2295,丹尼索瓦人
2296,斯芬·佩斯
2297,2001年
2298,大道東
2299,27千兆瓦
2300,副熱帶濕潤氣候
2301,1200萬名
2302,督憲
2303,1999年
2304,29.48萬人
2305,1998年
2306,林天宏
2307,烏干達
2308,12個
2309,阿速海
2310,路名為沿用科大在北京建校時所在位置的地名而來，為第一教學樓通往老北門的主幹道。道路兩旁栽種有日本晚櫻，故又俗稱櫻花大道
2311,焦爾達諾·布魯諾
2312,國際網球協會
2313,巴郡
2314,風刺
2315,一個官僚主義者階級
2316,刺史
2317,心臟
2318,1180年
2319,三歲
2320,嗜賭者自殺
2321,雷焦卡拉布里亞國家考古博物館
2322,阿克爾自治市
2323,香港人
2324,都市計劃
2325,義大利
2326,猶太人
2327,
2328,合肥
2329,第18
2330,金礪
2331,
2332,外國人
2333,孫中山
2334,金銀珠寶
2335,1919年
2336,1939年
2337,寄遞郵件貼用的郵資憑證。發送者為郵政服務付費的一種形式。發送者會將郵票貼在信件上，再由郵局蓋章銷值，以用於在郵件被寄出前，證明寄郵人已支付全部或部分傳遞費用
2338,
2339,加圖的演說文，繁榮於黃金時代，即共和國末期和屋大維
2340,漢江
2341,
2342,音樂
2343,《四十二章經》
2344,東哥特人、倫巴底人占領，並在後者統治期間，被劃分為公爵領地。773年，查理大帝將此占領。在之後的幾個世紀，杜林一直作為神聖羅馬帝國
2345,工業發展
2346,海因利希・弗格勒
2347,第4套
2348,景洪市
2349,憲法
2350,爭取陽光
2351,失落的故事集
2352,1918年
2353,1563米
2354,原始宗教
2355,第1區
2356,博物學
2357,杭州
2358,戰鬥機
2359,1970年
2360,威廉·馮特
2361,彰化市民代表會
2362,法國大革命
2363,明朝
2364,2014年
2365,朱德
2366,陳湯銘
2367,漢武帝時期
2368,1958年
2369,東經
2370,英籍工程師西排立
2371,主語+謂語+賓語
2372,
2373,雷射
2374,德國財政局
2375,1938年
2376,2014年
2377,香港紅燈區
2378,2007年
2379,法國
2380,先發制人入侵薩克森和波西米亞
2381,東德仍遭受著糖、咖啡之類的基本食物的短缺
2382,鞏固自己及子孫的統治
2383,蒙古語
2384,甲醇
2385,志費尼的《世界征服者史》中說一個故事，元太宗
2386,15625億日元
2387,印度教經文
2388,1230年
2389,918年
2390,北非作戰階段
2391,依法治國
2392,1987年
2393,工程化核酸酶
2394,金軍
2395,西德以1-0
2396,網球的球的狀況
2397,心球
2398,曹操
2399,40年
2400,2901.3平方公里
2401,新北市
2402,郭守時
2403,高等學校新生入學考試制度
2404,有強烈東北季風吹襲
2405,學習偉大領袖毛澤東
2406,19世紀
2407,檀君古朝鮮
2408,康熙帝
2409,最高人民會議
2410,清宣宗時代
2411,蒙漢兩元政治
2412,士兵
2413,三國史記
2414,四次
2415,林彪
2416,分工合作
2417,1972年
2418,錫克教
2419,慢病毒載體
2420,社會輿論
2421,1603年
2422,一分
2423,魯文佐里樹棲疣猴
2424,2005年
2425,噴射發動機
2426,新石器時代
2427,孔齊言
2428,古列爾莫·馬可尼
2429,1958年
2430,香港特別行政區政府部門及聯合國屬下的世界氣象組織
2431,通貨膨脹
2432,1804年
2433,香港政府一直至1970年代初依然是兩層架構，部門直接向布政司負責；布政司署
2434,35%
2435,天主教
2436,食品業
2437,1958年
2438,2010年
2439,柏樹林
2440,7920公里/小時
2441,仙台市
2442,史和平
2443,郵票會被打洞註銷
2444,黑河、呼瑪等地很早就以產金著稱。黑龍江地處東北亞中心地帶，交通運輸發達，現已形成了以哈爾濱
2445,1967年
2446,義和團事變
2447,混合苦膽的酒
2448,
2449,關島組織法
2450,2008年
2451,第五次調整
2452,彼得二世
2453,19世紀晚期
2454,商業貿易中徵收的關稅和貿易稅
2455,合不勒汗
2456,高句麗
2457,元朝
2458,15年
2459,
2460,巴納德
2461,量子光學
2462,糧食
2463,哈德遜河
2464,全國地圖正保御國繪圖
2465,民國3年6月24日
2466,投保人
2467,主序帶的階段
2468,坎貝爾式
2469,港島區
2470,1230年
2471,阿得雷德的去世
2472,《中華人民共和國憲法
2473,二十歲
2474,大滿貫男子單打比賽
2475,中村法道
2476,瓊山
2477,鐵穆爾
2478,391年
2479,
2480,1849年
2481,1260年
2482,13小時
2483,氦
2484,戰基處營區土地
2485,
2486,巴西爾二世
2487,黑死病
2488,第二次世界大戰
2489,卡胡盧伊
2490,硫的化合物是硫酸。硫酸
2491,氮化硫
2492,三屆
2493,1972年
2494,都市計劃
2495,角動量
2496,日本的支持下再次宣布獨立。1920年，日本派山田大佐為參謀長，成立對蒙顧問團遊說外蒙喇嘛王公支持恩琴
2497,止痛
2498,50名投票所產生的理事與幾名
2499,會稽虞氏
2500,煤煙消除會
2501,公民化
2502,宏碁
2503,國民政府時期
2504,海因里希·赫茲
2505,維多利亞時期
2506,齊泰和黃子澄
2507,五桂山
2508,匹茲堡
2509,威廉·赫歇爾
2510,格子型系統
2511,《動員戡亂時期臨時條款
2512,黑水
2513,1990年
2514,花垣鎮
2515,東部
2516,毒品
2517,7%
2518,韓國
2519,梅艷芳是女低音
2520,招待宴請參加韓戰歸來的將士，醉酒後寫檢討
2521,泰國
2522,農民階層
2523,孔恩
2524,索契
2525,比利時
2526,重慶理工大學
2527,支持臺灣獨立
2528,新天皇光明天皇
2529,俄羅斯
2530,葛摩
2531,1897年
2532,《臺灣自救運動宣言
2533,詳細規劃
2534,十億年
2535,1486年
2536,英國
2537,1970年代
2538,1500公里
2539,南極條約協商會議
2540,布里亞特人
2541,建炎二年
2542,
2543,1849年
2544,279年
2545,中國大陸
2546,
2547,羅山
2548,1906年
2549,釋迦牟尼
2550,1968年
2551,1640年
2552,遊客
2553,威尼斯人
2554,東涌線
2555,梅艷芳是女低音
2556,1841年2月10日
2557,1999年
2558,1984年7月
2559,
2560,國家預防腐敗局
2561,風能是與風速的三次方成所正比，所以風機高度愈高，發電量愈多
2562,大學生研究計劃
2563,臺灣改歸中華民國
2564,1994年
2565,王亞南
2566,捷船街
2567,八零年代
2568,1234年
2569,日本
2570,瑞派克路
2571,半導體製造商。自1990年代至今東芝一直是世界排名前5的晶片廠
2572,第二代戰鬥機
2573,人大代表
2574,康熙三十二年
2575,重工業
2576,臺灣郵政總局
2577,1952年
2578,十二月屠殺的事件中，多達15位的政治反對領袖遭到執政政府的暗殺
2579,魚雷
2580,十月革命
2581,金正恩
2582,德國女間諜
2583,公元1世紀
2584,1987年和2004年
2585,有「新臺北／臺北／北部新設之市」的涵義
2586,硫
2587,興十一年
2588,烈女義坑
2589,臭氧層
2590,1978年8月12日時，在日本右翼團體日本青年社
2591,廣東籍
2592,羅馬帝國
2593,自由派
2594,1990年代
2595,秋明州
2596,倫敦煙霧事件
2597,賓州
2598,自由
2599,韓國
2600,不穩定性
2601,北方太平洋品種的大馬哈魚常於9－10月回到黑龍江、烏蘇里江等河中產卵
2602,亨利克萊
2603,歐美國家
2604,洛東江
2605,赫爾伯特·查普曼
2606,噪音過大
2607,廿八歲
2608,濟南
2609,2016年
2610,印度國民軍士兵大審判
2611,約瑟夫·阿洛伊修斯·拉辛格，2005年4月19日當選教宗，2005年4月24日正式就任，2013年2月28日辭職。通曉十種語言，就任教宗
2612,中華民國教育部
2613,2比1
2614,美利堅合眾國眾議院
2615,1861年
2616,1991年
2617,擁有領土主權
2618,1953年12月
2619,白[UNK]紀滅絕事件
2620,2008年1月27日
2621,曼莫漢·辛格
2622,刺激性
2623,七七事變
2624,民主黨
2625,1895年
2626,1990年5月突破300萬人。經過地方人士不斷爭取，臺北縣先於中華民國96年10月1日改為準直轄市，中華民國99年12月25日
2627,美茵河畔法蘭克福，是德國中西部的黑森邦
2628,洛東江
2629,拒絕投降
2630,載淳的嫡母慈安太后、生母慈禧太后與叔叔恭親王奕[UNK]
2631,1600分
2632,狄拉克
2633,失分
2634,第一次鴉片戰爭
2635,特殊黨員
2636,中國
2637,蔡素玉
2638,加拿大
2639,工藝上的難度不獲好評
2640,鄧小平建設有中國特色社會主義理論
2641,2006年
2642,4個
2643,溫州
2644,下薩克森邦
2645,《宅地法
2646,洛克菲勒紀念教堂
2647,駐越美軍
2648,郵票
2649,高房價
2650,1849年
2651,2016年9月30日
2652,效益主義的貢獻在於定性分析幸福
2653,解放軍
2654,1946年
2655,伊斯蘭教
2656,東勝寺一役
2657,8月
2658,伊斯蘭教蘇菲派
2659,暴雪娛樂
2660,第二次世界大戰
2661,歐洲人
2662,理論心理學
2663,西方墨點法
2664,314.23萬人
2665,唐朝
2666,戰鬥機
2667,喬治
2668,240℃
2669,中國人民解放軍總參謀部警備部
2670,中華民國
2671,中興有中部科學園區
2672,1799年
2673,特瓦族
2674,雕塑
2675,麻州
2676,杜林
2677,庫侖阻力
2678,這是多數私立中式學校都面對的問題
2679,
2680,耶穌會
2681,愷撒
2682,
2683,三七五減租和公地放領等土地改革政策
2684,法西斯義大利
2685,2013年
2686,三重忠孝橋
2687,母親
2688,1960年
2689,高崗
2690,1925年
2691,進行海水淡化
2692,大學文憑
2693,台灣小百岳
2694,爭議性
2695,1779年
2696,印尼
2697,關心人類價值和環境品質的人本主義
2698,首爾塔洞公園
2699,7票棄權
2700,臺灣，到了18世紀乾隆後期開始出現大量開墾移民，而此臺灣移民又以漳州人、泉州人最多，客家人僅約漳泉人士之四分之一居次。由於先來後到的土地分配衝突
2701,影像解剖攝影管
2702,
2703,西元前8200年
2704,普法戰爭
2705,什錦麵
2706,供給創造需求
2707,東歐
2708,79年
2709,蔣中正
2710,阿爾比派
2711,鮭科魚類
2712,中國大陸
2713,甘蔗
2714,不滿北條氏專制政權
2715,第二個用戶儲存頁面同一段落的編輯，之後當第一個用戶嘗試儲存網頁
2716,約翰·福特
2717,昆明公交公司
2718,2010年
2719,古典主義風格
2720,憲法
2721,2008年
2722,納粹黨
2723,國民政府
2724,拿破崙
2725,大陸黃金十年高峰
2726,漢魏故城
2727,1920年代
2728,五色旗
2729,威廉一世
2730,人造衛星
2731,35號
2732,1702年
2733,德國
2734,東南亞
2735,日本
2736,1944年
2737,臺灣國語
2738,布里斯托
2739,河運
2740,伏爾加河
2741,國際動物命名委員會
2742,黃金自由貿易
2743,脫脫
2744,耗資6億美元、世界上規模最大的集中式太陽能發電站
2745,《日韓合併條約
2746,郵票
2747,第265任
2748,蒸汽機車均是載客和載貨列車
2749,死亡
2750,40人
2751,阿拉瓦克印第安人
2752,皇后大道東
2753,[UNK]集團
2754,次音速
2755,12個
2756,蘿蔔糕
2757,伽利略
2758,1875年
2759,裏海
2760,1863年
2761,1880年
2762,1637年
2763,1804年
2764,杜林
2765,2017年
2766,毛利家
2767,1850年
2768,尹伊桑
2769,拿破崙
2770,391年
2771,京大年度慶典「11月祭
2772,中華人民共和國
2773,愛格思海金斯公司
2774,阿拉巴馬州
2775,
2776,《羅馬十二帝王傳》
2777,曹休
2778,林肯雖
2779,1867年
2780,70%
2781,狩獵採集社會
2782,日本共產黨的一部分人放棄了計劃經濟而提出了「社會主義市場經濟
2783,國民黨
2784,入學考試
2785,擔心引起教會勢力的強烈反彈
2786,哈里發軍隊的入侵
2787,鄂圖曼
2788,1986年
2789,南北朝
2790,1946年11月8日
2791,東正教
2792,心血管疾病
2793,中心
2794,元朝
2795,硫酸
2796,義大利戰爭
2797,1980年超級基金法
2798,中華人民共和國
2799,納粹德國
2800,募兵制
2801,1933年
2802,2015年
2803,丙子胡亂
2804,1765年
2805,天主教會
2806,《有關國軍參與海外派遣活動的法律案
2807,大滿貫
2808,華沙
2809,伯力
2810,外交政策
2811,流音音位
2812,1546年
2813,約翰二世·科穆寧皇帝
2814,凡爾賽宮
2815,北海道帝國大學
2816,2008年
2817,信陽市
2818,地區邊界
2819,電腦介入飛控系統
2820,動物命名法
2821,2016年
2822,1789年
2823,元定宗
2824,國際動物學會議
2825,提防燕王謀反
2826,金靴獎
2827,齊格蒙特三世
2828,天文學
2829,邦特蘭
2830,萊茵河
2831,氧化亞氮氣體
2832,第三次與第四次迦太基大會的接受，新約正典獲得越來越廣泛的認可
2833,趙光義
2834,攻占納哈出的金山
2835,期貨，是一種跨越時間的交易方式。買賣雙方透過簽訂合約，同意按指定的時間、價格與其他交易條件，交收指定數量的現貨。通常期貨集中在期貨交易所
2836,油電混合動力車
2837,銀熊獎
2838,1968年
2839,靜止心率
2840,釣魚臺
2841,10
2842,1989年
2843,武昌起義
2844,直接管理寺院周圍13莊政教事務
2845,殺傷力大
2846,第一波新政
2847,非歐幾里得幾何
2848,1976年
2849,
2850,第2758號決議案
2851,1980年代
2852,楊森
2853,1859年
2854,
2855,財務部
2856,宋文帝
2857,粵西
2858,羅斯托克港
2859,印度河文明
2860,约瑟夫·斯卡利格
2861,湖州人
2862,維多利亞港
2863,暴雪娛樂
2864,20%
2865,分發式政策
2866,撒勒人耶穌
2867,12歲
2868,比利時人
2869,1000米
2870,馬關條約
2871,羅斯福
2872,大陸性季風氣侯
2873,214
2874,1席
2875,過渡時期憲法
2876,益州
2877,段思平
2878,1957年
2879,不知道散彈槍
2880,海南特別行政區海口市
2881,社會學
2882,雌雄同體
2883,物種形成
2884,攔截機
2885,寮國
2886,2000年
2887,15年
2888,英國[UNK]級驅逐艦
2889,臺灣外交困境
2890,第26屆
2891,武漢大學
2892,第三心音
2893,1989年
2894,史達林
2895,市區內各重要幹道常出現交通阻塞
2896,美國
2897,廣州
2898,航太
2899,參與社交活動
2900,孫傳芳
2901,襄樊之戰
2902,亞歷山大·羅德
2903,阿卡狄烏斯
2904,
2905,《農書》
2906,周恩來
2907,中世紀中期
2908,瑞派克競賽
2909,庫曼語
2910,台南
2911,現代精神醫學
2912,
2913,1987年
2914,發願
2915,1878年1月
2916,阿爾沃蘭海，是地中海的一個附屬海，是一片夾在伊比利亞半島和非洲大陸西端末尾之間的海域，通過直布羅陀海峽
2917,把普選局限於男性
2918,
2919,1923年
2920,鏡廳
2921,安帝
2922,康熙年間
2923,托列斯海峽
2924,自由民主黨
2925,印度洋
2926,兩年
2927,有極端大陸性氣候。溫度和降水一般從南向北減少，從東向西增加
2928,磷礦石
2929,美國
2930,克羅埃西亞
2931,1512年
2932,消亡階段
2933,肌萎縮性脊髓側索硬化症
2934,躲避戰亂，大量人口南遷，其規模之大、持續時間之長可謂史無前例。成漢的益州、前涼的河西走廊、前燕的遼河流域吸引了大量難民，成為立國的基石
2935,哈德良
2936,《關於托勒密和哥白尼兩大世界體系的對話
2937,順式作用元件必須與反式作用元件序列分離
2938,發明
2939,種族區分
2940,金正日
2941,
2942,阿森納
2943,厄爾布魯士峰
2944,南京國民政府
2945,明朝
2946,武器設計製造人才
2947,2002年
2948,沒有
2949,50個
2950,1830年開通的英國
2951,溫帶氣候
2952,1874年
2953,維吾爾語
2954,金泳三
2955,擅長隨心所欲控制自己的體重
2956,新生代時期
2957,憲政改革
2958,
2959,
2960,電動機
2961,宗教
2962,聯合國
2963,內需市場
2964,高商業價值
2965,翻版金日成
2966,啟德機場
2967,瑞士
2968,日本
2969,愛爾蘭語
2970,精確與沉默寡言
2971,空運
2972,敦煌石窟
2973,鍾祥蘭台宮
2974,朝鮮
2975,1972年
2976,英國航空公司在本市加入製作汽車
2977,兩天後
2978,薩圖克·博格拉汗是這個國家第一個皈依伊斯蘭教的可汗，更重要的是他也是世界歷史上第一個皈依伊斯蘭教的突厥人可汗。喀喇汗國
2979,颶風戰鬥機
2980,黨內上層
2981,1932年
2982,1952年
2983,埃及
2984,2003年1月12日
2985,釣魚臺
2986,紐科門的蒸汽機
2987,村民委員會
2988,
2989,長崎縣在二戰之後一度被盟軍
2990,韓國憲法》
2991,岳飛
2992,
2993,榮西禪師
2994,1637年
2995,西晉
2996,西人黨
2997,民國25年4月
2998,中東
2999,一次世界大戰時期
3000,大朝鮮國
3001,麥克勞林建築群
3002,熱帶稀樹草原
3003,1171年
3004,《日韓合併條約
3005,羽柴秀吉
3006,統治階級
3007,四十三年
3008,眾議院議員總選舉
3009,魏源
3010,教宗保祿六世
3011,阿拉伯宗教
3012,兩個
3013,
3014,思想多元化、商業經濟發達與交通便利
3015,先發制人入侵薩克森和波西米亞
3016,艾瑪·史東
3017,1652年
3018,第三產業
3019,自轉軸的兩極
3020,德宏州
3021,25個
3022,喬治·史蒂芬生
3023,羅曼努斯二世的兒子巴西爾二世和君士坦丁八世
3024,華北平原
3025,振州
3026,克里米亞[UNK]靼人
3027,李時珍
3028,舊莫比爾
3029,埃及
3030,辛亥革命
3031,東南亞資本，在六十年代，新加坡獨立初期
3032,十年後將倫敦和多倫多的車程控制在一個半小時
3033,伊斯蘭教
3034,兵部右侍郎兼都察院右都御史
3035,六四天安門事件
3036,周恩來
3037,《北京條約》
3038,1976年
3039,1958年
3040,森林面積
3041,國民議會
3042,日本竹[UNK]魚
3043,被動方
3044,生活部
3045,歐洲工業文明崛起
3046,3766人
3047,西方資本主義國家發展關係的外交政策
3048,300公厘
3049,
3050,洪邁
3051,淮安區
3052,
3053,袁世凱
3054,2002年
3055,50%
3056,西里爾字母
3057,南明
3058,中國共產黨紀律檢查機關
3059,第五大
3060,契約經濟
3061,水運
3062,
3063,保護蒙古人地位
3064,工農業
3065,資本主義
3066,世襲
3067,金正恩
3068,美國的日本戰敗
3069,納粹德國
3070,明朝
3071,
3072,1871年1月18日
3073,劉少奇
3074,90年代
3075,溫尼伯國際機場
3076,瑞士
3077,馬克思主義
3078,2部
3079,見取丸
3080,黑龍江
3081,奧勒良
3082,昆明長水國際機場
3083,秦漢時期，中山除了原先生活在此地的南越人外，開始有少量的中原人移居至此。三國時，中山屬於吳國領地。西晉末年，晉朝皇族之間爆發了史稱「八王之亂
3084,居民委員會
3085,民國29年
3086,工業化發展
3087,1969年10月17日
3088,通化市
3089,鄭成功
3090,烏茲別克斯坦
3091,玉米
3092,樺樹
3093,建設性的互補夥伴關係
3094,2006年
3095,英國的工程暨物理科學研究委員會
3096,法西斯主義獨裁政權不同於共產主義
3097,沒有戰鬥機護航，每次飛行都充滿了危險
3098,馬加人
3099,1938年
3100,西德
3101,儒家思想
3102,足式臀位
3103,駱克道
3104,71.7公里
3105,拜占庭帝國
3106,收縮性
3107,廣電總局
3108,合不勒汗
3109,麥克阿瑟
3110,查理檢查站
3111,元朝新運河
3112,雲貴高原
3113,喀喇汗國
3114,1914年
3115,紅衫軍運動
3116,大元」國號
3117,烏來區
3118,綠窗口
3119,電壓
3120,希臘文化
3121,幽州
3122,十二月屠殺的事件中，多達15位的政治反對領袖遭到執政政府的暗殺，此事件讓荷蘭當局非常不滿
3123,庫倫戰敗
3124,1970年代
3125,相聲
3126,平定南昌的寧王宸濠之亂
3127,周恩來
3128,貴霜帝國
3129,1980年超級基金法
3130,南海縣
3131,華府風雲》
3132,韓國
3133,過度漢化
3134,4000米
3135,李東陽
3136,1919年
3137,粳糯
3138,秒/年
3139,印度教
3140,第一座青天白日勳章
3141,尼古拉杜霍寧
3142,浙江紹興浙軍第二旅第六團第三連當見習官
3143,撤銷公安部隊
3144,信陽市
3145,1782年
3146,1867年
3147,3.8%
3148,武大
3149,巴爾幹社會主義國家，由馬其頓、塞爾維亞、波士尼亞與赫塞哥維納、克羅埃西亞、斯洛維尼亞、蒙特內哥羅等社會主義共和國所組成，首都為貝爾格勒
3150,豐田汽車
3151,政府財政撥款
3152,1918年
3153,1972年
3154,柴油
3155,荷蘭
3156,騎士
3157,異裂
3158,卡爾施塔特
3159,阿拉伯字母
3160,
3161,1987年
3162,《三國演義》
3163,黃琪翔
3164,中國人民銀行
3165,都市
3166,玫瑰盃
3167,2006年
3168,土地改革
3169,喬治·盧卡斯
3170,荷蘭皇家研究所
3171,周恩來
3172,1739年
3173,黑森邦
3174,柏林圍牆修建後在1961至1989年間這類逃亡被大幅限制下來，約有5000人在此期間嘗試翻越柏林圍牆。1960年起《開槍射擊令
3175,劍橋
3176,商業
3177,忻城縣
3178,東側
3179,田春蔚
3180,冬季奧運會
3181,亞屬名
3182,全國經濟委員會
3183,艾薩克·牛頓
3184,馬薩諸塞州
3185,
3186,測試的第一個階段
3187,塞爾維亞
3188,麗貝卡·布蘭克
3189,田漢作詞
3190,太平洋戰爭
3191,公元前37年
3192,同化政策
3193,莫敦梅
3194,北京
3195,1942年末
3196,威悉河文藝復興風格
3197,軸心國
3198,15年
3199,公元前194年
3200,俗世什一稅
3201,受貨幣經濟影響
3202,后妃傳
3203,1949年
3204,曼努埃爾一世
3205,切羅基人
3206,31個
3207,血淚
3208,新北市
3209,北竿島
3210,拉彼魯茲
3211,奧圖·普萊明傑
3212,1235年
3213,莫高窟
3214,火力發電廠
3215,韋利奇科·迪米特羅夫·克林是馬其頓內部革命組織
3216,2017年
3217,伊斯蘭哈里發
3218,新北市
3219,物理光學
3220,加勒比海
3221,1929年
3222,400人
3223,鱷魚
3224,多瑙河
3225,接納蒙古人民共和國加入聯合國，中華民國未參加表決
3226,客車
3227,鎮壓
3228,江北地區
3229,希臘文化
3230,19世紀
3231,中山粵菜
3232,匈奴人
3233,阿忽台
3234,倭國
3235,1949年
3236,威尼斯
3237,會長
3238,美國國家稅務局
3239,昆明巫家壩國際機場
3240,日產汽車是源自日本的跨國汽車製造商，總部位於橫濱港未來開發區，旗下擁有「日產」、「英菲尼迪」、「達特桑」等多個品牌；為日本第二大汽車製造商，年產量僅次於豐田汽車
3241,兩棲動物
3242,全國邊海防工作
3243,草原省
3244,1964年
3245,馬爾吉特
3246,13世紀
3247,星系天文學
3248,陸帆•巴瑞斯
3249,漢族
3250,24位
3251,小高加索山脈
3252,全國經濟委員會
3253,軍事科研
3254,中國共產黨紀律檢查機關
3255,水軍遭遇風暴
3256,民主黨
3257,1636年
3258,[UNK]隱之心
3259,戰事進入膠著對峙狀態
3260,文化大革命
3261,公元第二世紀
3262,第八航空軍
3263,大蒙古國，鐵木真因此被稱為「成吉思汗」。其時蒙古諸部受金朝統轄
3264,漢朝軍事壓力
3265,1891年
3266,2013年1月1日
3267,鄧小平
3268,民國39年
3269,華萊士
3270,壓力
3271,亞洲金融風暴襲擊韓國。韓國外匯儲備銳減到39億美元
3272,布爾什維克革命
3273,民國元年
3274,1909年
3275,1233年
3276,勞動教養制度導致公民人身自由在沒有司法審判的情況下在勞教場所被羈押最多4年
3277,瑞士
3278,特效
3279,阿爾巴諾羅馬城郊教區主教
3280,維多利亞湖
3281,
3282,馬英九
3283,台北曲藝團
3284,朱文圭
3285,巴夏禮
3286,廣島市
3287,監理會
3288,毒品
3289,韓國
3290,
3291,1891米
3292,馬來西亞
3293,烏爾蘇拉
3294,92%
3295,李[UNK]
3296,麥羅沃州
3297,
3298,馬林諾夫斯基
3299,湯瑪斯·霍布斯
3300,成吉思汗
3301,劉宋宗王
3302,消極的制度治理臺灣
3303,李宗仁
3304,人民幣對美元官方匯率與調劑匯率分別為5.7和8.7
3305,1971年
3306,1282年
3307,爭取速度上的優勢
3308,漢文與蒙古的八思巴字。八思巴文是元世祖時由國師八思巴根據當時的吐蕃文字
3309,小高加索山脈和亞美尼亞高原
3310,用來指揮小隊或中隊
3311,明朝
3312,動物脂肪
3313,公路按技術標準分為高速公路、一級公路、二級公路、三級公路、四級公路。幹線道路
3314,奈及利亞
3315,1955年
3316,976毫米
3317,君士坦丁堡
3318,路易·菲利普國王
3319,台北曲藝團
3320,1912年
3321,1965年
3322,鐵
3323,
3324,9世紀
3325,特別警察部隊
3326,蒙疆聯合自治政府
3327,獅子
3328,宋高宗
3329,威武陳元帥廟
3330,美元
3331,1.4太陽質量
3332,獅子派
3333,乾隆皇帝
3334,邊沁
3335,1998年
3336,西班牙
3337,朝鮮人民軍最高司令官金正恩「朝鮮民主主義人民共和國元帥
3338,成吉思汗時代
3339,其政體並未完全掌控社會經濟
3340,地中海
3341,
3342,四年
3343,牡丹峰組合成員必須親眼觀看槍決現場。但據南韓媒體報導，玄松月於2014年5月16日出席北韓第9屆全國藝術家大會，並以牡丹峰樂團團長
3344,君士坦丁八世
3345,就地掩埋稻草，除不會製造空氣汙染外，尚可加強土壤的養份
3346,1949年
3347,岳飛
3348,劉牢之
3349,35名
3350,佐世保漢堡是日本最具地域特色的漢堡之一。五島烏龍麵
3351,五分之四
3352,上海人
3353,民族主義復活
3354,德國
3355,漢語
3356,集安
3357,1970年
3358,與氫結成有毒化合物硫化氫後有一股臭味
3359,李·亞科卡
3360,五年
3361,
3362,特瓦族
3363,髒層
3364,常壓下在絕對零度時仍為液體，需加壓
3365,遺傳物質
3366,戴維·勞合·喬治支持懲罰德國，但在具體措施上較法國為輕。喬治認識到，一旦法國提出的條件全都得到滿足就會成為歐陸的超級強國並破壞歐陸均勢，這和英國意圖維持一個均衡的歐洲的傳統政策相悖
3367,海什木
3368,2006年
3369,白[UNK]紀中期
3370,莫里斯哈勒
3371,克勞德夏農
3372,印度國民軍
3373,1932年
3374,人口較南方多出許多
3375,1964年
3376,新奇科幻》
3377,法語
3378,國共兩黨在政治主張
3379,臺北市舉辦「2010年臺北國際花卉博覽會
3380,合肥市政府
3381,理查特里維西克
3382,
3383,彌爾
3384,續資治通鑑長編》卷323宋元豐五年二月己巳條
3385,幽默
3386,橫斷山脈
3387,
3388,美國
3389,對於旅客的換乘和貨物運輸十分不利
3390,不再建立便宜
3391,1961年
3392,計劃經濟體制
3393,英國
3394,聶耳
3395,模特兒
3396,1284年
3397,民國27年
3398,
3399,314.23萬
3400,[UNK]
3401,43.4%
3402,路易十四
3403,喬治•赫伯特•沃克•布希
3404,1922年
3405,拒絕王公在無嗣的情況下選擇繼承人
3406,伊利諾州
3407,公元前240年
3408,萊布尼茨
3409,性犯罪
3410,印度河及恆河的沖積作用
3411,孫叔敖造田興水
3412,第二代戰鬥機
3413,黃大仙區
3414,忽必烈
3415,1888年
3416,巴西爾二世和君士坦丁八世
3417,至元十一年
3418,鋼鐵
3419,德川家康
3420,哈大客運專線
3421,海倫市
3422,佛教
3423,恰克圖條約
3424,
3425,建立「1月6日獨裁
3426,聖凱薩琳教堂
3427,臺灣建省
3428,協助自殺
3429,西晉
3430,美國[UNK]電視台
3431,1985年
3432,7980年
3433,1991年
3434,11世紀
3435,郭松齡
3436,1931年
3437,氦
3438,中國國民黨之政治主張
3439,天皇
3440,2014年
3441,花垣縣
3442,股份制
3443,兩年
3444,飛機與潛艇
3445,1976年
3446,中國人
3447,15個
3448,宋公
3449,希洛分基地
3450,漢地大都
3451,袁世凱
3452,
3453,雨果
3454,鄧小平
3455,改革開放後，中國政府因開放市場
3456,華沙
3457,民國17年1月
3458,西部片
3459,雜交帶
3460,2000年
3461,《魔戒》
3462,1958年
3463,儒家思想
3464,1998年1月1日
3465,12架
3466,粵西
3467,1897年
3468,總理
3469,1920年
3470,元弘之亂
3471,境內玻里尼西亞鼠泛濫成災
3472,倭王權
3473,中環
3474,1991年
3475,約瑟夫
3476,大部分的時間都在國外生活
3477,網球正拍擊球
3478,大爆炸理論
3479,新南威爾斯學校
3480,良好行為
3481,叔敖造田興水
3482,中華人民共和國
3483,朱棣
3484,49
3485,主要由穆斯林和印度教徒構成
3486,亞俄
3487,東漢
3488,1941年
3489,生命線
3490,機場快線
3491,薩爾布呂肯
3492,傷寒雜病論》
3493,歐洲
3494,梵語
3495,威廉瓊斯
3496,印度
3497,1974年
3498,馬祖列島
3499,交通部觀光局
3500,2000年
3501,白犬列島
3502,燈塔
3503,直升機
3504,兩小時
3505,馬祖列島
3506,馬祖福，隆海花卉
3507,連江縣政府
3508,元宵節
3509,元宵節
3510,
3511,馬住
3512,清蒸黃魚，淡菜比較，東聚光哈，魚面，黃金角，蘿蔔絲餅
3513,
3514,戰地政務
3515,海盜
3516,晴川
3517,235歲
3518,網球
3519,網球
3520,
3521,主裁判
3522,主裁判
3523,主裁判
3524,
3525,中林網球賽事包括網球大滿貫
3526,網球的技術主要包括發球技術
3527,西方式握拍
3528,半西方式握拍
3529,半西方式握拍
3530,
3531,布包着頭髮
3532,下旋
3533,雙打中非常重要，充當自身關鍵
3534,職業網球巡迴賽
3535,球反彈相對較高較慢
3536,一局比賽結束之後
3537,1-5
3538,平局，而非40:40
3539,四年
3540,新北市政府是新北市的最高行政機關，屬直轄市，地方自治爲皆由行政院管轄。市長有市民直接選舉產生，任期爲四年
3541,四年
3542,3萬名
3543,新北市
3544,新北市
3545,板橋車站
3546,臺灣鐵路管理局
3547,臺北客運，新北客運，淡水客運，濟南客運，基隆客運，如何客運，新店客運？目前已經本市政府交通局作爲主管機關的新北市市區公車，由臺北市公車聯營管理中心
3548,新北市公共自行車租賃系統
3549,淡水水上機場
3550,新北市
3551,42.00[UNK]
3552,臺北縣眷村文化節
3553,新北市政府文化局
3554,2007年10月1日
3555,120
3556,北部
3557,新北市
3558,
3559,臺灣省
3560,瑞典
3561,英劇
3562,彼得
3563,彼得
3564,使徒彼得
3565,約翰
3566,約翰
3567,語言概念和風格
3568,約翰
3569,馬利亞
3570,索馬里蘭
3571,聯邦制
3572,歐盟
3573,1997年，歐盟出資
3574,2001年3月
3575,土地
3576,今天
3577,大規模永久性防禦設施
3578,城市規劃
3579,臺灣地區
3580,
3581,美軍基地
3582,較美國郵政高得多
3583,夏威夷檀香山
3584,季節性
3585,關島地區醫療城
3586,974年
3587,大韓航空801號班機空難
3588,關島
3589,安納塔漢島
3590,瑪麗安娜羣島
3591,安納塔漢島
3592,季節溫度
3593,颱風走廊
3594,混凝土結構
3595,哈爾斯山脈
3596,200萬
3597,格哈特施洛德，是後來的聯邦德國總理
3598,糙米
3599,速食米
3600,太陽
3601,太陽
3602,
3603,七克蘇魯伯撞擊事件
3604,三天計
3605,知識碳系晚期
3606,熱帶雨季區的溫度梯度較爲平順，各地區的氣溫差異不大。平均氣溫高於現在約攝氏十度。下載二季鍾情
3607,費力組織
3608,非營利組織
3609,非營利組織
3610,會員大會
3611,展場模特兒
3612,展場模特兒
3613,展場模特兒
3614,西方中世紀貴族
3615,日本效法音質貴族系統
3616,政治家
3617,大荔枝紋
3618,大荔枝紋
3619,617事件
3620,1961年8月12日晚上開始，13日
3621,1961年8月12日
3622,年輕人
3623,1963年
3624,東北
3625,許多
3626,1971年4月10日
3627,44年
3628,1989年
3629,一支民族共和國憲法
3630,德國
3631,1949年
3632,1961年
3633,德國統一社會黨
3634,經濟體
3635,500席
3636,布拉格之春
3637,很難取證
3638,人口下降
3639,1990年
3640,西方
3641,統一社會黨
3642,500元
3643,1985年
3644,
3645,
3646,劇院，40個教授，11000，私家博物館
3647,1857年
3648,十年
3649,人文學科
3650,天主教
3651,1945年
3652,馬克思主義學說
3653,蘇聯
3654,蘇聯
3655,金龍山
3656,釜山
3657,濟州島
3658,植被爲闊葉常綠植被
3659,韓國
3660,第一
3661,大韓航空
3662,韓國
3663,韓國
3664,日本
3665,2007年5月
3666,韓國科學技術研究院
3667,韓國
3668,爐臺餘檔選韓國總統後，藉助1988年夏季奧林匹克運動會的有利時機，推行北方政策，積極與社會主義國家發展外交關係。在其執政期間，韓國先後與東歐社會主義國家，蘇聯
3669,蘇聯
3670,儒教治國，儒家思想
3671,甲午戰爭
3672,韓國戰爭後，韓半島的南北對峙導致了，南北韓現代文化
3673,韓國戰爭後，韓半島的南北對峙
3674,佛教
3675,三國時期
3676,
3677,1945年日本無條件投降
3678,電影
3679,
3680,1997年
3681,2000年
3682,牛肉
3683,狗肉
3684,韓國
3685,泡菜的種類繁多，其類別在韓國各地有所不同。韓國人在不同的季節也是用不同的泡菜。由於韓國泡菜卡路里含量低，富含纖維素，維生素，含有一種對人體有益的乳全身益生菌
3686,韓國
3687,韓式筷子
3688,韓國燒酒
3689,2790060
3690,2790060
3691,多倫多
3692,4月中旬
3693,44
3694,203
3695,
3696,多倫多皮爾遜國際機場
3697,
3698,那大球隊
3699,多倫多證券交易所
3700,多倫多
3701,多倫多
3702,1500年
3703,法國商人
3704,1787年
3705,1793年
3706,1813年
3707,1834年3月6日
3708,鐵路
3709,
3710,81
3711,1107萬平方公里
3712,晚清國土面積縮減至約，1107萬平方公里，不過還是屬二國之外的世界第二大國，清朝國土遼闊，由此可以想見。在行省設置方面，基本沿襲明代
3713,甲午戰爭
3714,乾隆年間
3715,副都統
3716,乾隆年間
3717,理藩院
3718,撒韋凡部由理藩院管理。明清之際，蒙古分爲衆多部落，部落首領爲部長霍寒。清太宗時，依照滿洲八旗的組織形式，張萌谷歌部落
3719,西藏
3720,大蒙古八旗美琪攝一族領
3721,高句麗
3722,精英政治制度
3723,公孫度
3724,公孫度
3725,司馬懿面公孫淵是高句麗。高顯遼陽，王平
3726,水與高句麗的戰爭，也消弱了高句麗的國力。隋朝攻打高句麗失利後，國內發生民變而滅亡。高句麗對於記起的唐朝，仍然敵視。631年，高句麗開始在遼東建千里長城，以防唐朝的進攻，並與突厥
3727,突厥
3728,李世民
3729,高句麗
3730,朱富硒
3731,668年春夏
3732,
3733,新羅
3734,新羅
3735,體積
3736,資訊
3737,不確定性
3738,機構
3739,財經
3740,負面情況
3741,紫色絲病非常接近民居
3742,比爾蓋茨
3743,比爾蓋茨
3744,功課
3745,秋季學期
3746,瑪格麗特
3747,224名
3748,物理學
3749,總統科技顧問委員會
3750,47位
3751,伊拉克部長理事會
3752,路易斯委員會
3753,路易斯委員會報告，麻省理工學院仍被廣泛認爲是一所職業導向學校這一事，委員會希望改善的不太合理之現象。有關委員會全面的研究了學校的本科課程，建議校方提升多元性
3754,1949年
3755,社會科學院
3756,魯本斯
3757,美術博物館
3758,65萬人
3759,法蘭西人
3760,19世紀
3761,第二次世界大戰
3762,旅遊業
3763,二
3764,萊茵河航運中央委員會
3765,萊茵河航運中央委員會
3766,日耳曼語言
3767,
3768,神聖羅馬帝國
3769,
3770,馬賽曲
3771,19世紀
3772,德意志帝國
3773,高亭
3774,歐洲文藝復興
3775,音樂家
3776,1650年
3777,後現代主義
3778,政治哲學
3779,城市漢國家
3780,柏拉圖
3781,基督教
3782,馬基維利
3783,蘇聯時期
3784,電力
3785,
3786,雅安市
3787,峨眉山
3788,宋朝
3789,嘉定府
3790,中世紀
3791,哈康五世
3792,1314年
3793,黑死病
3794,挪威
3795,1814年
3796,克里斯蒂安尼亞
3797,克里斯蒂安尼亞
3798,1854年
3799,克里斯蒂安尼亞
3800,商朝時期
3801,商朝時期
3802,郡縣制
3803,齊國
3804,紅軍
3805,1918年9月
3806,漢軍級指揮官
3807,扣留家屬爲人質
3808,芬蘭
3809,莫斯科和平協定
3810,蘇聯
3811,德意志國防軍
3812,蘇聯政府
3813,德意志國防軍
3814,近衛頭銜
3815,蔣介石
3816,三個月
3817,解放軍
3818,小金門國軍駐軍號及廈門市教黃厝村塔頭社
3819,美國第七艦隊
3820,蔡英文
3821,蔡英文
3822,1912年
3823,清朝時期
3824,中華民國
3825,共產黨員在國民黨
3826,蔣中正
3827,1930年
3828,西安事變
3829,1945年
3830,渡江戰役
3831,1955年
3832,廣州
3833,黃埔軍校
3834,北伐必敗論
3835,盧溝橋事變
3836,棗莊
3837,皖南事變
3838,分區氣溫
3839,熱帶氣旋來襲時忙於聽電話的工作，因此在沒有呼籲公衆在熱帶氣旋侵襲
3840,1985年
3841,烏拉圭世界盃
3842,瑞典
3843,1958年
3844,八強賽
3845,巴西
3846,1998年世界盃金球獎
3847,1998年
3848,倫敦奧運
3849,2014年世界盃
3850,第二波新政
3851,民主黨
3852,7月
3853,德懷特艾森豪
3854,豬灣入侵
3855,美國
3856,強生
3857,非裔美國人
3858,南方白人
3859,聯邦政府
3860,埃莉諾羅斯福
3861,德州
3862,黑人
3863,能源部
3864,通信
3865,維吉尼亞州
3866,白人
3867,共和黨革命效應
3868,加拿大
3869,白水門事件
3870,馬丁範布倫在1836年取得了總統職位，但1837年的經濟蕭條，卻是他在1840年選舉中連任失敗。詹姆斯諾克斯波爾特
3871,凡爾賽條約
3872,羅斯福
3873,歐洲理事會議會大會
3874,第11次
3875,2007年
3876,潘基文
3877,9月
3878,法律之八達洛夫
3879,2010年
3880,菜豆
3881,1100公尺
3882,1100公尺
3883,豐富
3884,1920年
3885,亞塞拜然
3886,蘇聯
3887,亞塞拜然人
3888,赫哲族
3889,唐代
3890,唐玄宗
3891,1284年
3892,努兒乾地方
3893,明朝
3894,二妹公司
3895,江戶幕府
3896,
3897,公孫淵
3898,公孫淵
3899,2000毫米
3900,梅雨時期
3901,2010年
3902,九州旅客鐵道
3903,舊石器時代
3904,古墳
3905,元知識
3906,雲山之石墓羣
3907,札幌
3908,葡萄牙人
3909,斯洛文尼亞
3910,克羅埃西亞人隨機區組
3911,
3912,克羅埃西亞主義
3913,1991年
3914,馬其頓共和國
3915,南斯拉夫反法西斯人民解放委員會
3916,1945年
3917,3月
3918,蘇聯
3919,沙文主義
3920,會主義體制
3921,1980年
3922,失業率攀升
3923,分配地方權力
3924,遺傳物質技術
3925,分子複製技術
3926,基因工程
3927,1973年
3928,研究農業
3929,基因工程已經用於製造藥物，建立模型，動物
3930,凝血因子疫苗
3931,基因轉殖珠
3932,刪除可以傳材料
3933,複製
3934,基因轉殖生物
3935,同源基因
3936,加拿大
3937,憲法
3938,17歲
3939,美國綠卡
3940,國家安全會議
3941,
3942,水泥
3943,水泥骨料
3944,
3945,羅馬人
3946,可塑性
3947,孔明車
3948,臺灣
3949,45公里
3950,亞當斯密
3951,赤字
3952,鐵路運輸通稱軌道運輸
3953,中國大陸
3954,安全
3955,丁磊
3956,出售郵件系統軟體授權
3957,163
3958,夢幻西遊也引髮網友狂潮
3959,1997年
3960,分析通訊系統
3961,發信機
3962,神分裂病人死於自殺。飲食失調症
3963,自殺
3964,精神障礙
3965,吸菸
3966,吸菸
3967,李竹
3968,徵兵制
3969,泰晤士報
3970,泰晤士報
3971,奇藝太無事報
3972,英國保守黨
3973,雅德里安堡戰役。這場敗仗以及皇帝瓦倫斯之，可以被看成是古代帝國，漢中世紀國分界的時間。瓦倫斯
3974,476年
3975,吸毒帝國
3976,阿瓦爾人
3977,君士坦丁堡
3978,廣州
3979,神話人物黃帝
3980,劉師培
3981,亞熱帶季風氣候
3982,
3983,江陰市政府
3984,黃敏惠
3985,王永清
3986,水利之功
3987,沈佳宜
3988,中俄立委
3989,張之洞
3990,1923年
3991,李達
3992,法國
3993,2013年
3994,威廉吉爾伯特
3995,吉爾古特
3996,班傑明富蘭克林
3997,富蘭克林
3998,琥珀摩擦實驗
3999,熱能
4000,同級發電機
4001,同級發電機
4002,纖維性抽搐
4003,最佳作品獎
4004,電影藝術與科學學院通過業內人士投票，頒給每年得票最高的電影奧斯卡金像獎
4005,五部
4006,美國電影藝術與科學學院
4007,普勞圖斯
4008,劇作家。香川普勞圖斯著有器具130，不單據考證，僅有21部出自他的手筆，其他均系後人[UNK]作。他的喜劇主要以希臘新喜劇作家米蘭德的風俗習慣
4009,米蘭德
4010,磨山
4011,5000倍。我是個潛力衛星，出了不行，是我距離比較遠之故，所以沒有參與和木星的軌道共振外，其餘三
4012,距離比較遠
4013,七天三小時
4014,公元前4000年
4015,明兒
4016,河流
4017,恆河
4018,美國電影藝術與科學學院組織
4019,奧斯卡金像獎
4020,洛杉磯
4021,西德尼斯科爾斯基
4022,奧斯卡
4023,審委員
4024,1939年
4025,上海盛業大廈大學
4026,廈門大學
4027,學潮離校
4028,戊戌變法是木
4029,梁啓超
4030,徐才厚
4031,徐才厚
4032,蘇聯
4033,李提摩太
4034,康有爲
4035,義和拳
4036,歐美日列強
4037,2007年
4038,8851.8公里
4039,春秋戰國時代
4040,漢長城
4041,蒙古境內戈壁沙漠
4042,漢代
4043,朝鮮平壤
4044,突厥
4045,明朝
4046,點燃煙火
4047,長城
4048,中英煙臺條約
4049,煙臺條約
4050,南京
4051,重慶
4052,重慶
4053,泰語中區人民公園
4054,重慶
4055,火災演習
4056,重慶
4057,重慶
4058,兵工廠衆多，體驗，不但有大量軍工廠
4059,沙坪壩公園
4060,重慶直轄市
4061,重慶直轄市
4062,外貿
4063,第七
4064,工業
4065,重慶
4066,馬關條約
4067,民用車輛
4068,土製裝甲
4069,高爆反坦克彈
4070,這部只見堅固的高爆反坦克彈頭
4071,臺北語音輸入法幫他培訓社區的辦公摩天大樓
4072,陳水扁
4073,2005年
4074,巡撫
4075,中國共產黨
4076,香港總督
4077,1895年
4078,美國聯邦最高法院
4079,反對同性婚姻的人大，都將一夫一妻的男女婚姻
4080,摩梭人
4081,1995年
4082,單身收養制度
4083,400萬
4084,美國17.44萬億美元的[UNK]總量，騰訊會員的直接經濟影響似乎較爲有限
4085,[UNK]總量，騰訊會員的直接經濟
4086,荷蘭
4087,荷蘭
4088,21個
4089,1884年
4090,德國
4091,1939年
4092,1929年
4093,貝爾德，開公司開展公共電視廣播業務。30年代以後，貝爾
4094,太空遊客
4095,60歲
4096,將軍
4097,英國
4098,1989年
4099,波蘭
4100,綠島
4101,火燒山
4102,兩個
4103,
4104,《論自由》
4105,19世紀
4106,
4107,玄奘
4108,宋朝
4109,東吳大學
4110,2006年
4111,可以
4112,閩南語
4113,1945年
4114,1959年
4115,1942年
4116,1944年
4117,75歲
4118,美國電影學會
4119,1946年
4120,1946年
4121,1950年
4122,小白兔
4123,優秀西部片演員
4124,1945年
4125,最高榮譽
4126,1945年
4127,2008年
4128,美國影藝學院主席西德甘尼斯撰文，紀念詹姆斯史都華的百歲誕辰。2008年5月23日，加州大學洛杉磯分校，電影及電視檔案館
4129,求婚
4130,1949年
4131,基督教
4132,祁漢吉米史都華
4133,政治
4134,1939年
4135,卡普拉
4136,豐臣秀吉
4137,1598年
4138,岩石圈
4139,岩漿冷卻凝固
4140,
4141,一個月
4142,血壓持續過高時，就會整段爲患有高血壓。傳統的做法是，需要每隔一個月對患者進行一次血壓計
4143,心臟病
4144,商品的生產地
4145,英國
4146,日本
4147,1984年
4148,2008年
4149,1789年
4150,炭紋身
4151,1869年
4152,1869年
4153,阿伊努人大會
4154,釣魚臺
4155,山羊
4156,山羊
4157,釣魚臺主權的爭議
4158,15世紀
4159,1918年
4160,1909年
4161,琉球政府
4162,航路標誌法
4163,1月14日
4164,1857年
4165,巴麥尊內閣通過了一項增加軍費，很增員遠東英軍的提案。4月20日，巴麥尊
4166,巴麥尊
4167,1858年
4168,5月20日
4169,2011年
4170,瑞氏規模8.9地震，並造成超過十米海嘯
4171,東芝
4172,涉及高達16億美元的會計造假案件，主要爲來自晶片及半導體部門的虛假營銷
4173,2015年
4174,2006年
4175,第二次世界大戰
4176,公元384年
4177,北魏藝術風格
4178,印度佛教文化
4179,巴厘島
4180,上面三層是圓形
4181,表達手法非常豐富
4182,12世紀
4183,水墨畫
4184,漢明帝
4185,八米揚大佛
4186,南北朝時期
4187,北魏風格
4188,唐朝
4189,長安
4190,高窟
4191,約翰克希爾
4192,1826年
4193,君主制
4194,匈牙利
4195,激進黨
4196,政治原因被監禁
4197,1921年
4198,拉丁文
4199,倭寇
4200,南宋
4201,清同治年間
4202,愛情萬歲
4203,
4204,2001年
4205,馬莎正式進入義工隊服役
4206,1790年
4207,法國
4208,貝爾福
4209,1939年
4210,
4211,皇家自由醫院
4212,1906年
4213,本部大樓
4214,理事會
4215,教務長
4216,中國民主建國會
4217,文化教育界高級人士
4218,中國民主建國會，簡稱民建，是中華人民共和國排名第三的民主黨派。同時該黨也是現時中國全國人大常委會內的第九大黨。民建創立於1945年12月16日，洗澡啓蒙源多來自文化教育
4219,榮毅仁
4220,1945年
4221,國際聯盟
4222,58個
4223,凡爾賽條約
4224,1960年
4225,1960年
4226,歐洲國家杯正式名稱爲歐洲足球錦標賽
4227,歐洲足球錦標賽
4228,西班牙
4229,抽籤
4230,1927年
4231,1927年
4232,法國
4233,捷克斯洛伐克
4234,地區性國際政治組織
4235,非洲
4236,內蒙古自治區
4237,關內
4238,朝陽市
4239,四個
4240,
4241,募兵制
4242,波斯灣東南岸
4243,1960年代
4244,西方商業模式
4245,英國
4246,1820年
4247,定居在城市中的外國商人
4248,1966年
4249,1975年
4250,2006年
4251,七
4252,皇家法律
4253,142個
4254,綠線
4255,1947年
4256,黑人
4257,1960年
4258,法律制裁
4259,募兵以後，人招收不到足夠士兵時才使用的手段，強迫某些羅馬公民入伍，如不接受，將會導致法律制裁。由於募兵一般都能滿足病人需求，徵兵情況就很少發生了，而且使用這種強迫式的手法，會使羅馬公民感到非常不滿，實際上的這種情景就更少了。但是輔助軍團的士兵來源就不那麼懷舊了。共和末期
4260,羅馬公民權
4261,奧古斯都
4262,薪水
4263,百夫長
4264,河南
4265,2002年
4266,壽張縣
4267,1952年
4268,南國農
4269,蕭樹滋
4270,蕭樹滋
4271,蕭樹滋
4272,饅頭
4273,包子
4274,肉包菜包的，把饅頭叫做實心包。但是很多老溫州還是把饅頭叫[UNK]包
4275,懷化市
4276,丘陵
4277,武陵山
4278,西德
4279,磚石
4280,自由世界的櫥窗
4281,柏林圍牆
4282,四個
4283,1949年
4284,1949年
4285,1961年
4286,赫魯曉夫
4287,客座教授
4288,肝癌
4289,1978年
4290,1978年
4291,1978年
4292,國際奧委會第48屆年會
4293,中華人民共和國代表團
4294,宋美齡
4295,分離主義
4296,李烈鈞
4297,李烈鈞爲審判長，對張學良軍法會審。紅日張江鳳君是法庭審判，判決如下，張學良手模糊的，對於上官豹型血不足有期徒刑十年，褫奪公權五。12月31日，張學良從宋子文公館
4298,人家軍事委員會
4299,肝臟
4300,治療偏頭痛
4301,麥角胺
4302,英國
4303,1711年
4304,奧地利
4305,中國鐵道部
4306,文化大革命
4307,漢韻盈
4308,人民鐵道
4309,香港站
4310,1998年
4311,香港站
4312,九龍站
4313,漢江
4314,冰川漢網
4315,
4316,工具書
4317,私立研究型
4318,1740年
4319,華頓商學院
4320,第四
4321,唐朝
4322,劍橋大學
4323,92英畝
4324,獸醫學院
4325,雨水
4326,露點溫度
4327,克里米亞半島
4328,格勒
4329,1920年
4330,1997年
4331,俄羅斯聯邦
4332,共和國元首
4333,第二次世界大戰
4334,中南海
4335,明代
4336,中南海
4337,東海
4338,袁世凱
4339,袁世凱
4340,中南海
4341,新華門
4342,1950年
4343,彰化市
4344,2014年
4345,八卦臺地區
4346,1959年
4347,彰化縣
4348,彰化縣
4349,四年
4350,市政會議
4351,加入歐盟
4352,基督教
4353,1453年
4354,723公里
4355,北高加索聯邦區
4356,150名
4357,俄羅斯
4358,農業
4359,計劃經濟
4360,2006年
4361,拜占庭
4362,關東地震
4363,1925年1月12日
4364,1933年
4365,九龍寨城
4366,
4367,1998年
4368,九龍城是香港18區之一，九龍城區
4369,辰辰從小受學於，清末鈴聲，五叔公村一紅。一年進入青甸縣，高市小學。1912年，沉船小學畢業後，他父親考慮到家庭經濟拮据
4370,1917年
4371,一個月
4372,
4373,1934年
4374,蔣中正
4375,程程真
4376,廣州行營
4377,西班牙語
4378,
4379,黃河
4380,山地
4381,1914年
4382,修水縣
4383,49.2%
4384,3.92萬畝
4385,3.92萬畝
4386,喜馬拉雅山
4387,6656米
4388,喜馬拉雅山脈
4389,庚子賠款
4390,
4391,1943年
4392,1899年
4393,人類
4394,人類
4395,高隆基
4396,社會主義市場經濟體制
4397,金正恩
4398,2009年
4399,金正恩
4400,第149位
4401,卡蓋拉河
4402,2006年
4403,公路網絡
4404,平均每平方公里
4405,1974年
4406,歌舞團
4407,聯合國
4408,圖西族
4409,君主制
4410,特瓦族
4411,1999年
4412,阿拉伯語漢語國際頻道全面改造新臺址
4413,2010年
4414,中國網絡電視臺
4415,1988年
4416,2009年元宵節
4417,
4418,消費者
4419,文化
4420,58勝24負
4421,六馬隊
4422,紐約尼克
4423,2003年
4424,61勝21負
4425,2004年
4426,真人
4427,符先生
4428,全真南派
4429,火居道士」指的是哪一派的道士?[SEP]教僧侶。道人長流溼式法。頭頂挽髻，強調打坐清修。另外還有全真南派，可以娶妻生子。正一派
4430,英國
4431,約翰羅納德魯埃爾托爾金
4432,凱爾特的歷史和傳說中汲取靈感。精靈寶鑽當年被退稿的一部分原因是其中複雜難讀的凱爾特名字
4433,芬蘭民族
4434,1915年
4435,1968年
4436,1815年
4437,1815年
4438,島上風光
4439,人權狀況
4440,20世紀
4441,清末民初
4442,王怡
4443,戶籍制度
4444,限制和侵犯了公民遷徙與居住的權利。有相當多的地區實施站住制度來限制公民自由
4445,文化大革命
4446,中華人民共和國
4447,中國
4448,汪洋
4449,美國
4450,立法
4451,苦修隱居
4452,蔣中正
4453,畜牧業
4454,
4455,文明的原始社會解體
4456,19世紀
4457,拿破崙
4458,清發程度
4459,1857年
4460,1867年
4461,外交戰略失誤
4462,1870年
4463,德意志帝國
4464,1873年
4465,1850年
4466,
4467,實權完全由路易拿破崙所掌握
4468,中華人民共和國
4469,2000年
4470,戰國時期
4471,冬無嚴寒，雨量充沛，空氣清新，氣候宜人。歷年最冷月
4472,都江堰市
4473,中國大陸
4474,問你伯
4475,溫尼伯湖
4476,冰河時期
4477,皮毛貿易
4478,1611年
4479,蘇維埃俄國政府
4480,2003年
4481,航空運輸
4482,空鐵聯運
4483,空鐵聯運
4484,2395平方公里
4485,雲南省大理白族自治州
4486,可用較標準蛋，更高威力的蛋形及包刮高威力的強壯蛋
4487,古裝風箏場
4488,卡賓槍
4489,可以
4490,德國
4491,第一次世界大戰
4492,美國
4493,伊朗
4494,1960年
4495,陝西省
4496,秦嶺
4497,陝西段
4498,副熱帶季風氣候
4499,
4500,描寫秦嶺山路
4501,1912年
4502,第一次世界大戰
4503,第一次世界大戰
4504,中日戰爭
4505,1927年
4506,中日戰爭
4507,中日戰爭
4508,修改日美安保條約
4509,日美安保條約
4510,健康
4511,
4512,貪污醜聞
4513,
4514,日本社會黨
4515,平成時代
4516,飛鳥時代
4517,天智天皇
4518,587年
4519,587年
4520,源平合戰
4521,1185年
4522,九條道家
4523,女媧
4524,哇黃女媳
4525,人類始祖
4526,統計力學
4527,化學物理學
4528,1977年
4529,北美洲
4530,中國
4531,1540年
4532,葡萄牙人開闢的東方航海路線，前往印度中國，日本等地傳教。1549年8月15日，方濟各沙勿略
4533,方濟各沙勿略
4534,印度
4535,朱棣
4536,和談破裂
4537,河北戰事不利
4538,七月初十
4539,保定
4540,朱莉
4541,873人，充軍的罪者千餘人
4542,得到了很多來自宦官的幫助
4543,武高
4544,景龍
4545,燕軍
4546,郭英
4547,潮州體育館
4548,籃球
4549,潮州市體委
4550,亞熱帶海洋性季風氣候
4551,2001年
4552,亞熱帶海洋性季風氣候
4553,李清
4554,潮州
4555,2008年成爲兩岸首批滬通開放港口。潮州人多地少
4556,14800日元
4557,14800日元
4558,1995年
4559,民族主義
4560,12億
4561,穆斯林
4562,賓夕法尼亞州
4563,2000年人口統計
4564,2006年
4565,2009年2月p之寶鋼人隊
4566,石灰石
4567,內河港口的運輸便利
4568,匹茲堡
4569,文藝復興時期
4570,瑞士近衛隊
4571,米開蘭，基羅
4572,意大利
4573,積極進攻戰術
4574,基拉奇
4575,中國南海
4576,西沙羣島
4577,國共內戰
4578,日本
4579,法國
4580,王世傑
4581,第二次國共內戰失利後，中華民國政府退守臺灣，但中華民國政府並未放棄對西沙羣島的主權
4582,1950年
4583,便利商店
4584,1980年
4585,日本的便利商店爲60年代開始發展，至今已有相當的規模
4586,阿斯頓公園球場
4587,西德
4588,1987年
4589,5000000美元
4590,1987年
4591,1998年
4592,嘉靖九年
4593,三層
4594,祈年殿
4595,七星石
4596,巴西
4597,巴西
4598,1859年
4599,生物演化
4600,住宅區
4601,二次大戰
4602,香港結合製造廠有限公司
4603,13街
4604,60年
4605,25個
4606,西奧多羅斯福
4607,岳飛
4608,張俊
4609,完顏宗弼
4610,後勤的問題
4611,不能
4612,張旦
4613,嶽將軍
4614,餓死不搶糧
4615,冤屈
4616,北京市
4617,6月
4618,2001年
4619,大興區
4620,河洛
4621,甲午戰爭
4622,臺灣清治
4623,馬關條約
4624,50年
4625,臺灣本省人
4626,1980年代
4627,1980年
4628,亞洲四小龍
4629,1996年
4630,李登輝
4631,李登輝
4632,多元文化主義
4633,葡萄牙語
4634,乾旱
4635,真菌
4636,1972年
4637,伊蘭
4638,2010年
4639,戰略地位
4640,日治時期
4641,擺脫石油危機
4642,1987年
4643,民主進步黨
4644,日治時期
4645,21個
4646,中華人民共和國
4647,社會福利基金會
4648,臺灣醫界聯盟基金會
4649,2009年
4650,中華民國國際經濟合作協會
4651,中華民國國際經濟合作協會
4652,1995年
4653,元宵節
4654,元宵節
4655,臺灣廟宇香火鼎盛
4656,清治時期
4657,四面環海
4658,零食
4659,英語
4660,1932年
4661,詞語不通
4662,金瀟明
4663,16世紀
4664,明朝
4665,27個
4666,日本文化
4667,二戰
4668,鄉土意識
4669,中華隊
4670,臺灣
4671,巧固球
4672,臺灣
4673,毒素特別敏感
4674,公共衛生問題
4675,
4676,100億美元
4677,四川省
4678,佛教
4679,
4680,粵語
4681,漢朝
4682,瑞士
4683,歐洲國家杯決賽周，共有12個城市被選爲比賽地點，其中主辦國瑞士
4684,阿爾卑斯山脈
4685,託尼
4686,1948年
4687,德國
4688,德國
4689,英國
4690,英國
4691,混合動力技術
4692,國家郵政局
4693,1949年
4694,1995年
4695,
4696,1972年
4697,1972年
4698,田納西州
4699,1998年
4700,喬利伯曼
4701,2004年
4702,英國
4703,量子力學
4704,1999年
4705,
4706,狄拉克
4707,布里託
4708,迪拉克
4709,科本哈根
4710,真空極化
4711,1930年
4712,不想出名
4713,認知花店磁場中的起點的文章中，第八課探討了吃蛋雞
4714,1937年
4715,婆羅門教
4716,天道
4717,輪迴
4718,空間，水或食物中戰勝圖組，他便可能變成入侵物種。如果這些物種是在強烈的競爭，或是巨大捕食壓力
4719,空間
4720,洋務運動
4721,蔣公玉棟
4722,伊斯蘭教
4723,啓蒙時期
4724,十字軍東征
4725,中國
4726,宗教激進主義
4727,上科學革命
4728,承兌論
4729,劉銘傳
4730,舊金山和約
4731,不可以
4732,支持日本關于歸還領土的要求是中國的一貫政策
4733,中國大陸
4734,公元三世紀
4735,張一俊
4736,1992年
4737,俄羅斯聯邦沒有完全接替該國
4738,1992年
4739,1994年
4740,普京
4741,蘇聯
4742,哭泣
4743,1.0
4744,十盒花粉
4745,經濟海域
4746,英國
4747,澳洲
4748,英國下議院
4749,五年
4750,信任案
4751,愛爾蘭
4752,愛爾蘭
4753,亨利八世
4754,國內的貴族政治與神職人員影響重大
4755,行政院話由人民選舉
4756,行政院
4757,宋代
4758,蘇菲派
4759,北高加索
4760,一二八事變
4761,1937年
4762,上海北站
4763,1983年
4764,1984年
4765,江澤民
4766,南北廣場通道
4767,1984年
4768,華東建築設計院
4769,聯檢大廳
4770,避免購票人羣與進出站人羣的對衝
4771,福建籍
4772,28
4773,新加坡
4774,2004年
4775,中環
4776,金朝陽集團
4777,香港
4778,香港
4779,測魚涌堂樓區
4780,廣東明明系
4781,北宋
4782,廣東
4783,香港運動
4784,1950年
4785,深圳
4786,荃灣新市鎮
4787,遇上乾旱，極可能功虧一[UNK]
4788,荃灣新市鎮，世紀已歸入新九龍的觀塘
4789,九龍東
4790,廣東
4791,1945年
4792,由大陸移居
4793,中西區
4794,中西區，而福建華僑的在灣仔區漢東區
4795,潮州人
4796,人一很長
4797,英國
4798,郭春秧
4799,閩東人
4800,李嘉誠
4801,香港更多有三個永久居民身份及香港上市公司的福建富豪，都會被記錄到南亞覆好，而非香港富豪榜，而祖籍福州
4802,太平天國戰亂
4803,港到小上海
4804,男性比例較多
4805,1970年
4806,色情行業
4807,山水瘦肉粥街
4808,2005年
4809,街上
4810,13%
4811,青龍教
4812,男少
4813,1161
4814,男性
4815,1954年
4816,中國人民解放軍空軍取得大成周邊的制空權
4817,臺灣
4818,金剛計劃
4819,蘇聯政府
4820,2月24日
4821,太平洋
4822,臺東市
4823,臺東市區最高點爲，標高75公尺的鯉魚山
4824,
4825,1976年
4826,非中國共產黨黨員
4827,中華人民共和國主席
4828,1975年
4829,馬利亞金庫塔斯
4830,新石器時代
4831,鼓吹民族民主革命
4832,民國17年
4833,民國17年
4834,民國34年
4835,晉冀魯豫漢中原解放區
4836,日[UNK]軍
4837,湖北省
4838,潛江高石碑鎮
4839,
4840,南京
4841,假宣傳假情報
4842,南京失守
4843,王陽明
4844,正德16年
4845,高原
4846,二氧化硫從2o的地殼滲透，導致山的邊緣區域弱化
4847,南極
4848,火山
4849,聯邦總理
4850,經聯邦總統任命
4851,1871年
4852,互相制衡作用
4853,行政權
4854,約翰洛克
4855,美國
4856,民議會
4857,1974年
4858,防止國家權力被濫用
4859,孫中山
4860,司法院長
4861,2005年
4862,國防部
4863,9萬
4864,中華人民共和國
4865,
4866,一處
4867,巴丹島
4868,美國工業工程師學會
4869,有小工廠製造生產並檢驗，並且提供給比其大得多的公司，作爲人不簡單
4870,產業工程
4871,工業工程是綜合應用數學
4872,星期日南華早報
4873,1997年
4874,1903年
4875,北京
4876,蔡崇信
4877,2006年
4878,李澤楷
4879,阿里，不哥
4880,
4881,
4882,元世祖
4883,1668年
4884,日本的元日戰爭最爲著名
4885,導致財政惡化
4886,1260年
4887,忽必烈
4888,1260年
4889,忽必烈召集用戶，自己的購入蒙古宗王在開平負，召開忽裏勒臺大會舉行，例行的大漢選舉儀式，宣佈及蒙古大汗位，視爲，薛禪汗汗文，史稱元世祖。忽必烈
4890,福建
4891,福建
4892,徹底掃除北元勢力
4893,1388年
4894,軍事
4895,中書省栽植，帶鄉賢臨時到某一地區負責行政或，征伐事務。1260年，元世祖與國內設置十路生粉四次年八隻。隔年改設十路宣慰司
4896,1260年
4897,1234年
4898,法國
4899,
4900,馬可波羅遊記
4901,1217年
4902,蒙古軍
4903,官田
4904,官田
4905,最大是自然災害
4906,畜牧業
4907,林百欣
4908,皇娘娘
4909,專賣政策
4910,元朝
4911,宋元時期
4912,元朝
4913,王卓
4914,伊斯蘭教
4915,成吉思汗西征時，潛伏許多西域回教國家，使得伊斯蘭教徒是與蒙古朝廷甚多
4916,王羲之
4917,草書
4918,景德鎮
4919,1280年
4920,貝南北邊
4921,約魯巴
4922,南非
4923,南非
4924,南非
4925,北京
4926,燕京大學
4927,中國協和醫學院
4928,英國
4929,中華人民共和國政府
4930,2005年
4931,武力解決。而主張臺灣地位未定論的人士，則認爲，有美國，日本等國家所簽署的舊金山和約
4932,1970年
4933,中國大陸
4934,經濟轉型
4935,2002年
4936,1990年代
4937,家庭結構也隨之變化小
4938,1970年代
4939,原住民族
4940,1947年
4941,1950年代
4942,高雄市
4943,美麗島事件
4944,1991年
4945,19世紀
4946,全球產業革命
4947,奧斯曼伊斯蘭政權
4948,阿姆利則慘案
4949,日本
4950,後勤補給的中斷
4951,經濟管理政策
4952,很有價值
4953,1997年
4954,1960年代
4955,
4956,三季隊
